,,Name,Username,"Profile ID",Date,Likes,Comment,"User Verified",Thumbnail,"Comment ID","Profile URL","Comment URL"
1,,lita.triilestari,lita.triilestari,47872297275,"2026-06-12 06:39:25",0,"Eksekusi program pemerintah selalu bermasalah karena banyak orang yang ga amanah",no,https://scontent-fra3-2.cdninstagram.com/v/t51.2885-19/495645932_18047486480593276_4069128372363474298_n.jpg?stp=dst-jpg_s150x150_tt6&efg=eyJ2ZW5jb2RlX3RhZyI6InByb2ZpbGVfcGljLmRqYW5nby43MjAuYzIifQ&_nc_ht=scontent-fra3-2.cdninstagram.com&_nc_cat=104&_nc_oc=Q6cZ2gFAGs7l7t6PNomjd5SaYbimiG9HUy3eCZCK2H_jIZK_ky7QEAuURUw8BZvKAmi0SaQ&_nc_ohc=H7IUDiLQ6REQ7kNvwGpSw9A&_nc_gid=oSlL2eN1BalwW1ukIjU7-A&edm=AI-cjbYBAAAA&ccb=7-5&oh=00_Af8-uFXxNaiaOAq3xp_ZRREKtrCj7Dnn4BV3JFClBOAccw&oe=6A3EF0D5&_nc_sid=0985b0,18110070287486251,https://www.instagram.com/lita.triilestari,https://www.instagram.com/p/DZZaEwySDEb/c/18110070287486251
2,,bona.dk,bona.dk,8131229824,"2026-06-12 07:02:16",0,"PROGRAM GAK JELAS KOK BISA JALAN  BANYAK PELAWAKNYA SEH, DAH KENYANGIN AJA DULUUU YAAAH 😂😂😂",no,https://scontent-fra5-1.cdninstagram.com/v/t51.2885-19/68752124_483841522465512_4587442792057274368_n.jpg?stp=dst-jpg_s150x150_tt6&efg=eyJ2ZW5jb2RlX3RhZyI6InByb2ZpbGVfcGljLmRqYW5nby4xMDgwLmMyIn0&_nc_ht=scontent-fra5-1.cdninstagram.com&_nc_cat=100&_nc_oc=Q6cZ2gFAGs7l7t6PNomjd5SaYbimiG9HUy3eCZCK2H_jIZK_ky7QEAuURUw8BZvKAmi0SaQ&_nc_ohc=5-d0X__lxHEQ7kNvwEWoImc&_nc_gid=oSlL2eN1BalwW1ukIjU7-A&edm=AI-cjbYBAAAA&ccb=7-5&oh=00_Af9GlvCb3jBH47j9JlvW9w-Y9wnTJkn9QIbwnxtKzJLhew&oe=6A3EFE6C&_nc_sid=0985b0,17919383304384208,https://www.instagram.com/bona.dk,https://www.instagram.com/p/DZZaEwySDEb/c/17919383304384208
3,,rianisf,rianisf,789666845,"2026-06-12 07:38:45",0,"@sulaimanfr_ 😇",no,https://scontent-fra5-1.cdninstagram.com/v/t51.2885-19/495942835_18502932118034846_8354401787450353124_n.jpg?stp=dst-jpg_s150x150_tt6&efg=eyJ2ZW5jb2RlX3RhZyI6InByb2ZpbGVfcGljLmRqYW5nby4xMDgwLmMyIn0&_nc_ht=scontent-fra5-1.cdninstagram.com&_nc_cat=102&_nc_oc=Q6cZ2gFAGs7l7t6PNomjd5SaYbimiG9HUy3eCZCK2H_jIZK_ky7QEAuURUw8BZvKAmi0SaQ&_nc_ohc=GIaqaUSIB34Q7kNvwEKWuw-&_nc_gid=oSlL2eN1BalwW1ukIjU7-A&edm=AI-cjbYBAAAA&ccb=7-5&oh=00_Af9ewHK4IRU7nH4dbasKDEMWSbI2oIfqqFp_PjKl0--e-Q&oe=6A3F1107&_nc_sid=0985b0,17892853038508907,https://www.instagram.com/rianisf,https://www.instagram.com/p/DZZaEwySDEb/c/17892853038508907
4,,septianpamungkas415262626,septianpamungkas415262626,39450752749,"2026-06-12 07:39:09",0,"@pena_azhar_ titip, nnti aku kesini lagi",no,https://instagram.fmaa12-3.fna.fbcdn.net/v/t51.2885-19/573323465_1219825463302212_7278921664109726296_n.png?stp=dst-jpg_e0_s150x150_tt6&efg=eyJ2ZW5jb2RlX3RhZyI6InByb2ZpbGVfcGljLmRqYW5nby4xNTAuYzIifQ&_nc_ht=instagram.fmaa12-3.fna.fbcdn.net&_nc_cat=1&_nc_oc=Q6cZ2gGaF2n-TCjjP0CgrsVSR6OLXdK3MmcwpmCcDSGUw6lYjm_wPgVSJuL6I52vLwwPOG27w9QPipN6QejGJC4Xt66R&_nc_ohc=VJDnbVufDA8Q7kNvwHbtabW&_nc_gid=nYt47VvEw_6er99KzOM8Og&edm=AHBgTAQBAAAA&ccb=7-5&ig_cache_key=YW5vbnltb3VzX3Byb2ZpbGVfcGlj.3-ccb7-5&oh=00_Af-AckG0BxCd3Fu-1Oz3d05_hSpEVyWtpJ15EAkN4EVsNg&oe=6A3EDEAA&_nc_sid=21e75c,17979465488861535,https://www.instagram.com/septianpamungkas415262626,https://www.instagram.com/p/DZZaEwySDEb/c/17979465488861535
5,,kartika_nurwindi,kartika_nurwindi,2233132656,"2026-06-12 07:52:27",0,"Kenapa ga dari awal sebelum bangun ada usulan kayak gini 😌",no,https://scontent-fra3-1.cdninstagram.com/v/t51.82787-19/723904615_18541353778076657_359196935001280631_n.jpg?stp=dst-jpg_s150x150_tt6&efg=eyJ2ZW5jb2RlX3RhZyI6InByb2ZpbGVfcGljLmRqYW5nby4xMDgwLmMyIn0&_nc_ht=scontent-fra3-1.cdninstagram.com&_nc_cat=105&_nc_oc=Q6cZ2gFAGs7l7t6PNomjd5SaYbimiG9HUy3eCZCK2H_jIZK_ky7QEAuURUw8BZvKAmi0SaQ&_nc_ohc=-A8z39lN5kgQ7kNvwEHwAof&_nc_gid=oSlL2eN1BalwW1ukIjU7-A&edm=AI-cjbYBAAAA&ccb=7-5&oh=00_Af_XGojeRo3rfDNcOGpWmjYxqbHYRqv8_MzKz8qnS3Hpzg&oe=6A3F03FF&_nc_sid=0985b0,18118459723762679,https://www.instagram.com/kartika_nurwindi,https://www.instagram.com/p/DZZaEwySDEb/c/18118459723762679
6,,fadil_taslim,fadil_taslim,3279163381,"2026-06-12 08:11:39",0,"Tutup saja semuanyaaaa🔥🔥🔥",no,https://scontent-fra5-1.cdninstagram.com/v/t51.82787-19/720805140_18468700738107382_5291712526338143368_n.jpg?stp=dst-jpg_s150x150_tt6&efg=eyJ2ZW5jb2RlX3RhZyI6InByb2ZpbGVfcGljLmRqYW5nby4xMDgwLmMyIn0&_nc_ht=scontent-fra5-1.cdninstagram.com&_nc_cat=110&_nc_oc=Q6cZ2gFAGs7l7t6PNomjd5SaYbimiG9HUy3eCZCK2H_jIZK_ky7QEAuURUw8BZvKAmi0SaQ&_nc_ohc=UPT1bKp-8toQ7kNvwH79iK9&_nc_gid=oSlL2eN1BalwW1ukIjU7-A&edm=AI-cjbYBAAAA&ccb=7-5&oh=00_Af-afcxqcDPXiWUYKWhO-DZcLtoWXZrA57u3u3ku1_z90w&oe=6A3EDDE3&_nc_sid=0985b0,18125297356712298,https://www.instagram.com/fadil_taslim,https://www.instagram.com/p/DZZaEwySDEb/c/18125297356712298
7,,t_oxe_0313,t_oxe_0313,18369185541,"2026-06-12 08:22:41",0,"alhamdulillah. Memang korup negara taik ini 😂",no,https://scontent-fra5-2.cdninstagram.com/v/t51.82787-19/624958556_18117294160609542_3486691577698354291_n.jpg?stp=dst-jpg_s150x150_tt6&efg=eyJ2ZW5jb2RlX3RhZyI6InByb2ZpbGVfcGljLmRqYW5nby4xMDgwLmMyIn0&_nc_ht=scontent-fra5-2.cdninstagram.com&_nc_cat=106&_nc_oc=Q6cZ2gFAGs7l7t6PNomjd5SaYbimiG9HUy3eCZCK2H_jIZK_ky7QEAuURUw8BZvKAmi0SaQ&_nc_ohc=mTZmcz6RnocQ7kNvwFswJyT&_nc_gid=oSlL2eN1BalwW1ukIjU7-A&edm=AI-cjbYBAAAA&ccb=7-5&oh=00_Af-Pkk8RVRlRAyd0w77mTRyL_A2M0Gs_kwB4HfB3Ik8JPQ&oe=6A3F07CF&_nc_sid=0985b0,18123201505710121,https://www.instagram.com/t_oxe_0313,https://www.instagram.com/p/DZZaEwySDEb/c/18123201505710121
8,,_mystic_dsecret_,_mystic_dsecret_,51818883489,"2026-06-12 08:26:39",0,"Cuman dikasih kaos omon gemoy dan fufufafa dia 😂😂😂",no,https://scontent-fra5-2.cdninstagram.com/v/t51.82787-19/620901198_18040780052723490_4358782741913720591_n.jpg?stp=dst-jpg_s150x150_tt6&efg=eyJ2ZW5jb2RlX3RhZyI6InByb2ZpbGVfcGljLmRqYW5nby4xMDUxLmMyIn0&_nc_ht=scontent-fra5-2.cdninstagram.com&_nc_cat=106&_nc_oc=Q6cZ2gFAGs7l7t6PNomjd5SaYbimiG9HUy3eCZCK2H_jIZK_ky7QEAuURUw8BZvKAmi0SaQ&_nc_ohc=XJ6oF05hBYkQ7kNvwH1uTRK&_nc_gid=oSlL2eN1BalwW1ukIjU7-A&edm=AI-cjbYBAAAA&ccb=7-5&oh=00_Af_lFR4UgaBLAVO-oJ29Vj_xtKMS5i1Op3kzWRyIVGZZIQ&oe=6A3EF9CA&_nc_sid=0985b0,18255472321306248,https://www.instagram.com/_mystic_dsecret_,https://www.instagram.com/p/DZZaEwySDEb/c/18255472321306248
9,,_mystic_dsecret_,_mystic_dsecret_,51818883489,"2026-06-12 08:27:43",0,"@rianisf klan omon fufufafa embege gak terima .....",no,https://scontent-fra5-2.cdninstagram.com/v/t51.82787-19/620901198_18040780052723490_4358782741913720591_n.jpg?stp=dst-jpg_s150x150_tt6&efg=eyJ2ZW5jb2RlX3RhZyI6InByb2ZpbGVfcGljLmRqYW5nby4xMDUxLmMyIn0&_nc_ht=scontent-fra5-2.cdninstagram.com&_nc_cat=106&_nc_oc=Q6cZ2gFAGs7l7t6PNomjd5SaYbimiG9HUy3eCZCK2H_jIZK_ky7QEAuURUw8BZvKAmi0SaQ&_nc_ohc=XJ6oF05hBYkQ7kNvwH1uTRK&_nc_gid=oSlL2eN1BalwW1ukIjU7-A&edm=AI-cjbYBAAAA&ccb=7-5&oh=00_Af_lFR4UgaBLAVO-oJ29Vj_xtKMS5i1Op3kzWRyIVGZZIQ&oe=6A3EF9CA&_nc_sid=0985b0,18159678187454664,https://www.instagram.com/_mystic_dsecret_,https://www.instagram.com/p/DZZaEwySDEb/c/18159678187454664
10,,cerita_mahasiswa,cerita_mahasiswa,51468883577,"2026-06-12 09:06:11",0,"MBG harus tetap berjalan, karena ini adalah harapan banyak anak Indonesia. 🇮🇩❤️
Lihat videonya di sini:
https://www.instagram.com/reel/DZcxa6zvLSf/",no,https://scontent-fra5-2.cdninstagram.com/v/t51.2885-19/460327528_1031444915292834_9074575054761861100_n.jpg?stp=dst-jpg_s150x150_tt6&efg=eyJ2ZW5jb2RlX3RhZyI6InByb2ZpbGVfcGljLmRqYW5nby44MjYuYzIifQ&_nc_ht=scontent-fra5-2.cdninstagram.com&_nc_cat=106&_nc_oc=Q6cZ2gFAGs7l7t6PNomjd5SaYbimiG9HUy3eCZCK2H_jIZK_ky7QEAuURUw8BZvKAmi0SaQ&_nc_ohc=IoqhLgdfbtkQ7kNvwFEE7Mn&_nc_gid=oSlL2eN1BalwW1ukIjU7-A&edm=AI-cjbYBAAAA&ccb=7-5&oh=00_Af806fCS3Rj_omNk5jUEyt2kuzqjsmk_ZpaVTmZ1MfrSrQ&oe=6A3EEFA7&_nc_sid=0985b0,18077387600273850,https://www.instagram.com/cerita_mahasiswa,https://www.instagram.com/p/DZZaEwySDEb/c/18077387600273850
11,,yamaudunx,yamaudunx,2072703322,"2026-06-12 10:09:02",0,"Tutup semua nya biar aman",no,https://scontent-fra3-2.cdninstagram.com/v/t51.82787-19/630860891_18539201455071323_8631363354836545909_n.jpg?stp=dst-jpg_s150x150_tt6&efg=eyJ2ZW5jb2RlX3RhZyI6InByb2ZpbGVfcGljLmRqYW5nby4xMDgwLmMyIn0&_nc_ht=scontent-fra3-2.cdninstagram.com&_nc_cat=111&_nc_oc=Q6cZ2gFAGs7l7t6PNomjd5SaYbimiG9HUy3eCZCK2H_jIZK_ky7QEAuURUw8BZvKAmi0SaQ&_nc_ohc=eKCkww-ajysQ7kNvwGrvM_V&_nc_gid=oSlL2eN1BalwW1ukIjU7-A&edm=AI-cjbYBAAAA&ccb=7-5&oh=00_Af_JllRkurHE8NWXVbeQb-C4K05oLFLiwzEG7zSTZnv1-g&oe=6A3EE261&_nc_sid=0985b0,17997793043959016,https://www.instagram.com/yamaudunx,https://www.instagram.com/p/DZZaEwySDEb/c/17997793043959016
12,,yannisudhi_89,yannisudhi_89,2318591948,"2026-06-12 10:58:46",0,"Satu kelurahan aj sampe 5",no,https://scontent-fra3-2.cdninstagram.com/v/t51.2885-19/290656729_611346416767948_6802933433165393489_n.jpg?stp=dst-jpg_s150x150_tt6&efg=eyJ2ZW5jb2RlX3RhZyI6InByb2ZpbGVfcGljLmRqYW5nby4xMDgwLmMyIn0&_nc_ht=scontent-fra3-2.cdninstagram.com&_nc_cat=104&_nc_oc=Q6cZ2gFAGs7l7t6PNomjd5SaYbimiG9HUy3eCZCK2H_jIZK_ky7QEAuURUw8BZvKAmi0SaQ&_nc_ohc=IUYQV9Dcew0Q7kNvwFXx7b_&_nc_gid=oSlL2eN1BalwW1ukIjU7-A&edm=AI-cjbYBAAAA&ccb=7-5&oh=00_Af-2IdFwWjHAl8-V8u7qlIm4cZ0ONSkatTUti6QL-gBORQ&oe=6A3EF2E0&_nc_sid=0985b0,17886667710575129,https://www.instagram.com/yannisudhi_89,https://www.instagram.com/p/DZZaEwySDEb/c/17886667710575129
13,,is_jynti,is_jynti,227817672,"2026-06-12 11:07:18",0,"@pena_azhar_ titip 6 bln biar balik kesini 😂",no,https://scontent-fra3-1.cdninstagram.com/v/t51.82787-19/607412385_18556653163041673_333216050861598709_n.jpg?stp=dst-jpg_s150x150_tt6&efg=eyJ2ZW5jb2RlX3RhZyI6InByb2ZpbGVfcGljLmRqYW5nby4xMDgwLmMyIn0&_nc_ht=scontent-fra3-1.cdninstagram.com&_nc_cat=101&_nc_oc=Q6cZ2gFAGs7l7t6PNomjd5SaYbimiG9HUy3eCZCK2H_jIZK_ky7QEAuURUw8BZvKAmi0SaQ&_nc_ohc=KmLYVb3Y_9QQ7kNvwEE9dAh&_nc_gid=oSlL2eN1BalwW1ukIjU7-A&edm=AI-cjbYBAAAA&ccb=7-5&oh=00_Af_wRNWmv_q9FZ2mL9ljORLFfe2iK5ED5ROMdTahUFczDA&oe=6A3F0003&_nc_sid=0985b0,18099386549052545,https://www.instagram.com/is_jynti,https://www.instagram.com/p/DZZaEwySDEb/c/18099386549052545
14,,hermanlelexp,hermanlelexp,34840170956,"2026-06-12 11:33:03",0,"mending ditutup MBG. karena akan ada suap  menyuap dari dapur yg akan ditutup . pasti ga mau lah dapur A ditutup Dapur B buka terus",no,https://scontent-fra3-2.cdninstagram.com/v/t51.2885-19/261417722_880362742669612_2496652549155956869_n.jpg?stp=dst-jpg_s150x150_tt6&efg=eyJ2ZW5jb2RlX3RhZyI6InByb2ZpbGVfcGljLmRqYW5nby41NDAuYzIifQ&_nc_ht=scontent-fra3-2.cdninstagram.com&_nc_cat=104&_nc_oc=Q6cZ2gFAGs7l7t6PNomjd5SaYbimiG9HUy3eCZCK2H_jIZK_ky7QEAuURUw8BZvKAmi0SaQ&_nc_ohc=UwslPE-e6ZQQ7kNvwFVBtCx&_nc_gid=oSlL2eN1BalwW1ukIjU7-A&edm=AI-cjbYBAAAA&ccb=7-5&oh=00_Af9_v51MlBbQnMmWJASMKVkpCZNWu9j9nrJYL4qZ-GEvEg&oe=6A3F0944&_nc_sid=0985b0,18106361743802270,https://www.instagram.com/hermanlelexp,https://www.instagram.com/p/DZZaEwySDEb/c/18106361743802270
15,,nekrodaemon,nekrodaemon,74706213053,"2026-06-12 11:48:26",0,"lagian kalo ngelamar kerja di mbg juga harus ada ordal nya, jadi setuju bgt apalagi semuanya di tutup",no,https://scontent-fra5-1.cdninstagram.com/v/t51.2885-19/509417672_17848736625493054_5181823509227406972_n.jpg?stp=dst-jpg_s150x150_tt6&efg=eyJ2ZW5jb2RlX3RhZyI6InByb2ZpbGVfcGljLmRqYW5nby4xMDgwLmMyIn0&_nc_ht=scontent-fra5-1.cdninstagram.com&_nc_cat=110&_nc_oc=Q6cZ2gFAGs7l7t6PNomjd5SaYbimiG9HUy3eCZCK2H_jIZK_ky7QEAuURUw8BZvKAmi0SaQ&_nc_ohc=aKg_MUhlrb8Q7kNvwF_bHBQ&_nc_gid=oSlL2eN1BalwW1ukIjU7-A&edm=AI-cjbYBAAAA&ccb=7-5&oh=00_Af-aLnyrDEoI1wbv3GN9v5ccJFPdxIrulSZbbSD5-js8Fw&oe=6A3F0AF6&_nc_sid=0985b0,18087148637092243,https://www.instagram.com/nekrodaemon,https://www.instagram.com/p/DZZaEwySDEb/c/18087148637092243
16,,micahsely,micahsely,1997083257,"2026-06-12 12:40:39",0,"Ah masa sih? Gak mau tutup semua",no,https://instagram.fmaa12-3.fna.fbcdn.net/v/t51.2885-19/573323465_1219825463302212_7278921664109726296_n.png?stp=dst-jpg_e0_s150x150_tt6&efg=eyJ2ZW5jb2RlX3RhZyI6InByb2ZpbGVfcGljLmRqYW5nby4xNTAuYzIifQ&_nc_ht=instagram.fmaa12-3.fna.fbcdn.net&_nc_cat=1&_nc_oc=Q6cZ2gGaF2n-TCjjP0CgrsVSR6OLXdK3MmcwpmCcDSGUw6lYjm_wPgVSJuL6I52vLwwPOG27w9QPipN6QejGJC4Xt66R&_nc_ohc=VJDnbVufDA8Q7kNvwHbtabW&_nc_gid=nYt47VvEw_6er99KzOM8Og&edm=AHBgTAQBAAAA&ccb=7-5&ig_cache_key=YW5vbnltb3VzX3Byb2ZpbGVfcGlj.3-ccb7-5&oh=00_Af-AckG0BxCd3Fu-1Oz3d05_hSpEVyWtpJ15EAkN4EVsNg&oe=6A3EDEAA&_nc_sid=21e75c,18592012939035007,https://www.instagram.com/micahsely,https://www.instagram.com/p/DZZaEwySDEb/c/18592012939035007
17,,boston_0181,boston_0181,8565825593,"2026-06-12 12:45:39",0,"Ora usah MBG nan , Taek , GK ada gunanya",no,https://scontent-fra5-2.cdninstagram.com/v/t51.82787-19/720167671_18323179660281594_3708474297495209375_n.jpg?stp=dst-jpg_s150x150_tt6&efg=eyJ2ZW5jb2RlX3RhZyI6InByb2ZpbGVfcGljLmRqYW5nby4xMDgwLmMyIn0&_nc_ht=scontent-fra5-2.cdninstagram.com&_nc_cat=106&_nc_oc=Q6cZ2gFAGs7l7t6PNomjd5SaYbimiG9HUy3eCZCK2H_jIZK_ky7QEAuURUw8BZvKAmi0SaQ&_nc_ohc=sIKg3_M_pNwQ7kNvwGr2dzc&_nc_gid=oSlL2eN1BalwW1ukIjU7-A&edm=AI-cjbYBAAAA&ccb=7-5&oh=00_Af8HEBmpQDMGWjpfmZ7u8EW_0QV4z-MsZ3-E2-GXmIv0hw&oe=6A3EE469&_nc_sid=0985b0,17908633266423325,https://www.instagram.com/boston_0181,https://www.instagram.com/p/DZZaEwySDEb/c/17908633266423325
18,,arlovaloc,arlovaloc,67477540816,"2026-06-12 13:15:16",0,"Deket rumah gw aja udah ada 3 jer",no,https://scontent-fra3-1.cdninstagram.com/v/t51.2885-19/448627388_426458393545803_305726476650752286_n.jpg?stp=dst-jpg_s150x150_tt6&efg=eyJ2ZW5jb2RlX3RhZyI6InByb2ZpbGVfcGljLmRqYW5nby45NTcuYzIifQ&_nc_ht=scontent-fra3-1.cdninstagram.com&_nc_cat=103&_nc_oc=Q6cZ2gFAGs7l7t6PNomjd5SaYbimiG9HUy3eCZCK2H_jIZK_ky7QEAuURUw8BZvKAmi0SaQ&_nc_ohc=7o783V2Cj-8Q7kNvwGB9gVX&_nc_gid=oSlL2eN1BalwW1ukIjU7-A&edm=AI-cjbYBAAAA&ccb=7-5&oh=00_Af-t6eMUdXy9ssxeUQQFkHlXNbHQuTQek24MvhA512fKJw&oe=6A3F0DD5&_nc_sid=0985b0,18103652075139563,https://www.instagram.com/arlovaloc,https://www.instagram.com/p/DZZaEwySDEb/c/18103652075139563
19,,rafyy_404,rafyy_404,27251655026,"2026-06-12 13:44:19",0,"Semoga mbg tmpt aku ga di tutup kerna banyak warga yang ikut nyari nafkah disana",no,https://instagram.fmaa12-3.fna.fbcdn.net/v/t51.2885-19/573323465_1219825463302212_7278921664109726296_n.png?stp=dst-jpg_e0_s150x150_tt6&efg=eyJ2ZW5jb2RlX3RhZyI6InByb2ZpbGVfcGljLmRqYW5nby4xNTAuYzIifQ&_nc_ht=instagram.fmaa12-3.fna.fbcdn.net&_nc_cat=1&_nc_oc=Q6cZ2gGaF2n-TCjjP0CgrsVSR6OLXdK3MmcwpmCcDSGUw6lYjm_wPgVSJuL6I52vLwwPOG27w9QPipN6QejGJC4Xt66R&_nc_ohc=VJDnbVufDA8Q7kNvwHbtabW&_nc_gid=nYt47VvEw_6er99KzOM8Og&edm=AHBgTAQBAAAA&ccb=7-5&ig_cache_key=YW5vbnltb3VzX3Byb2ZpbGVfcGlj.3-ccb7-5&oh=00_Af-AckG0BxCd3Fu-1Oz3d05_hSpEVyWtpJ15EAkN4EVsNg&oe=6A3EDEAA&_nc_sid=21e75c,18405980635155155,https://www.instagram.com/rafyy_404,https://www.instagram.com/p/DZZaEwySDEb/c/18405980635155155
20,,eforiwar02,eforiwar02,37393149325,"2026-06-12 17:39:51",0,"Tutup mbg, program ini ciptakan untuk jadi lahan korupsi",no,https://scontent-fra5-1.cdninstagram.com/v/t51.2885-19/471882549_568449222837970_9177248867145052501_n.jpg?stp=dst-jpg_s150x150_tt6&efg=eyJ2ZW5jb2RlX3RhZyI6InByb2ZpbGVfcGljLmRqYW5nby4xMDgwLmMyIn0&_nc_ht=scontent-fra5-1.cdninstagram.com&_nc_cat=110&_nc_oc=Q6cZ2gFAGs7l7t6PNomjd5SaYbimiG9HUy3eCZCK2H_jIZK_ky7QEAuURUw8BZvKAmi0SaQ&_nc_ohc=sX_RUwkIgzUQ7kNvwF0-X0b&_nc_gid=oSlL2eN1BalwW1ukIjU7-A&edm=AI-cjbYBAAAA&ccb=7-5&oh=00_Af9SwFCbOXzpfg4Xr5fHsUOoxijGzGssk_VWZQhGIKpYyw&oe=6A3EFC33&_nc_sid=0985b0,18070877729695188,https://www.instagram.com/eforiwar02,https://www.instagram.com/p/DZZaEwySDEb/c/18070877729695188
21,,cahyantomuhammaddwi,cahyantomuhammaddwi,33363694810,"2026-06-12 21:17:47",0,"Tutuuuuup, sarang Tikus berdasi",no,https://scontent-fra5-1.cdninstagram.com/v/t51.2885-19/228347801_889393588355294_2533240085343348092_n.jpg?stp=dst-jpg_s150x150_tt6&efg=eyJ2ZW5jb2RlX3RhZyI6InByb2ZpbGVfcGljLmRqYW5nby43MjAuYzIifQ&_nc_ht=scontent-fra5-1.cdninstagram.com&_nc_cat=102&_nc_oc=Q6cZ2gFAGs7l7t6PNomjd5SaYbimiG9HUy3eCZCK2H_jIZK_ky7QEAuURUw8BZvKAmi0SaQ&_nc_ohc=kx6lpHO8YeMQ7kNvwG0q54n&_nc_gid=oSlL2eN1BalwW1ukIjU7-A&edm=AI-cjbYBAAAA&ccb=7-5&oh=00_Af9cO5ADtMwjvREwQYK2_raPt4S3Ly8rZxGB7AchLepAmQ&oe=6A3F1165&_nc_sid=0985b0,18092875967346275,https://www.instagram.com/cahyantomuhammaddwi,https://www.instagram.com/p/DZZaEwySDEb/c/18092875967346275
22,,dani_ramadhan13,dani_ramadhan13,4582324260,"2026-06-13 00:36:20",0,"Pindahin ke daerah2 terpencil atau daerah 3T, mereka lebih butuh",no,https://scontent-fra5-1.cdninstagram.com/v/t51.2885-19/475005990_1358028468517788_6554538477433098413_n.jpg?stp=dst-jpg_s150x150_tt6&efg=eyJ2ZW5jb2RlX3RhZyI6InByb2ZpbGVfcGljLmRqYW5nby4xMDgwLmMyIn0&_nc_ht=scontent-fra5-1.cdninstagram.com&_nc_cat=100&_nc_oc=Q6cZ2gFAGs7l7t6PNomjd5SaYbimiG9HUy3eCZCK2H_jIZK_ky7QEAuURUw8BZvKAmi0SaQ&_nc_ohc=WpW1RCFfJJkQ7kNvwGOihwf&_nc_gid=oSlL2eN1BalwW1ukIjU7-A&edm=AI-cjbYBAAAA&ccb=7-5&oh=00_Af_Z0Ap0kvUwOOGV2tfclZu6xBZfTRv-N3Hpu9ihy_mhUQ&oe=6A3EDC09&_nc_sid=0985b0,18119714341690240,https://www.instagram.com/dani_ramadhan13,https://www.instagram.com/p/DZZaEwySDEb/c/18119714341690240
23,,farizamrullah27,farizamrullah27,16396992418,"2026-06-13 00:41:44",0,"Tutup semuanya aja buang buang anggaran saja",no,https://scontent-fra5-2.cdninstagram.com/v/t51.82787-19/552071895_18112455520544419_2554661152749169469_n.jpg?stp=dst-jpg_s150x150_tt6&efg=eyJ2ZW5jb2RlX3RhZyI6InByb2ZpbGVfcGljLmRqYW5nby4xMDgwLmMyIn0&_nc_ht=scontent-fra5-2.cdninstagram.com&_nc_cat=107&_nc_oc=Q6cZ2gFAGs7l7t6PNomjd5SaYbimiG9HUy3eCZCK2H_jIZK_ky7QEAuURUw8BZvKAmi0SaQ&_nc_ohc=JHspTpcDjAwQ7kNvwH5C6rr&_nc_gid=oSlL2eN1BalwW1ukIjU7-A&edm=AI-cjbYBAAAA&ccb=7-5&oh=00_Af-Z5Odho0Dk7g9mRnQnErEQhb5YiGkBTlJnAafcEYDegg&oe=6A3F0667&_nc_sid=0985b0,18043915988593765,https://www.instagram.com/farizamrullah27,https://www.instagram.com/p/DZZaEwySDEb/c/18043915988593765
24,,_liamelati,_liamelati,8952853871,"2026-06-13 02:25:37",0,"Tutup aja mbg",no,https://scontent-fra5-1.cdninstagram.com/v/t51.2885-19/491460997_2365117100573098_976466572486055028_n.jpg?stp=dst-jpg_s150x150_tt6&efg=eyJ2ZW5jb2RlX3RhZyI6InByb2ZpbGVfcGljLmRqYW5nby4xMDgwLmMyIn0&_nc_ht=scontent-fra5-1.cdninstagram.com&_nc_cat=110&_nc_oc=Q6cZ2gFAGs7l7t6PNomjd5SaYbimiG9HUy3eCZCK2H_jIZK_ky7QEAuURUw8BZvKAmi0SaQ&_nc_ohc=UjTDY-0UDVYQ7kNvwGZ2HVW&_nc_gid=oSlL2eN1BalwW1ukIjU7-A&edm=AI-cjbYBAAAA&ccb=7-5&oh=00_Af8srFBn4sY0R4d1XcAicJBhOZEe6X17ni0JD1if7GRP9Q&oe=6A3F06D5&_nc_sid=0985b0,17898147702465062,https://www.instagram.com/_liamelati,https://www.instagram.com/p/DZZaEwySDEb/c/17898147702465062
25,,khalifah1996,khalifah1996,1648427902,"2026-06-13 03:29:32",0,"Gari kabeh koh",no,https://scontent-fra5-2.cdninstagram.com/v/t51.2885-19/457254587_472029192330475_8771280496497859415_n.jpg?stp=dst-jpg_s150x150_tt6&efg=eyJ2ZW5jb2RlX3RhZyI6InByb2ZpbGVfcGljLmRqYW5nby4xMDgwLmMyIn0&_nc_ht=scontent-fra5-2.cdninstagram.com&_nc_cat=107&_nc_oc=Q6cZ2gFAGs7l7t6PNomjd5SaYbimiG9HUy3eCZCK2H_jIZK_ky7QEAuURUw8BZvKAmi0SaQ&_nc_ohc=C09Ag4XSUX8Q7kNvwE6QRih&_nc_gid=oSlL2eN1BalwW1ukIjU7-A&edm=AI-cjbYBAAAA&ccb=7-5&oh=00_Af_yJ6uQ5uBwHHUICtOuUYDsdKPt7ul6FG28n7wwGohl9w&oe=6A3F0C2D&_nc_sid=0985b0,17905825020259830,https://www.instagram.com/khalifah1996,https://www.instagram.com/p/DZZaEwySDEb/c/17905825020259830
26,,rzasptr_19,rzasptr_19,2259504582,"2026-06-13 03:32:56",0,"KALO DI TUTUP SEMUA NYAA",no,https://scontent-fra3-2.cdninstagram.com/v/t51.82787-19/624838405_18502825117072583_4832044327186936075_n.jpg?stp=dst-jpg_s150x150_tt6&efg=eyJ2ZW5jb2RlX3RhZyI6InByb2ZpbGVfcGljLmRqYW5nby4xMDgwLmMyIn0&_nc_ht=scontent-fra3-2.cdninstagram.com&_nc_cat=111&_nc_oc=Q6cZ2gFAGs7l7t6PNomjd5SaYbimiG9HUy3eCZCK2H_jIZK_ky7QEAuURUw8BZvKAmi0SaQ&_nc_ohc=qIJZ-tcjlv0Q7kNvwHebwAF&_nc_gid=oSlL2eN1BalwW1ukIjU7-A&edm=AI-cjbYBAAAA&ccb=7-5&oh=00_Af8584xGVAnH0-bZwXWG_Sm7z-Y-P0VccnfwFVVzOOMk_w&oe=6A3EDF56&_nc_sid=0985b0,17931491262335317,https://www.instagram.com/rzasptr_19,https://www.instagram.com/p/DZZaEwySDEb/c/17931491262335317
27,,irzafdila,irzafdila,2004225413,"2026-06-13 05:08:59",0,BHAPPPP,no,https://scontent-fra5-2.cdninstagram.com/v/t51.82787-19/684156765_18577723354065414_102638440218043794_n.jpg?stp=dst-jpg_s150x150_tt6&efg=eyJ2ZW5jb2RlX3RhZyI6InByb2ZpbGVfcGljLmRqYW5nby4xMDgwLmMyIn0&_nc_ht=scontent-fra5-2.cdninstagram.com&_nc_cat=106&_nc_oc=Q6cZ2gFAGs7l7t6PNomjd5SaYbimiG9HUy3eCZCK2H_jIZK_ky7QEAuURUw8BZvKAmi0SaQ&_nc_ohc=LtL9JRTAmT8Q7kNvwGdsJB7&_nc_gid=oSlL2eN1BalwW1ukIjU7-A&edm=AI-cjbYBAAAA&ccb=7-5&oh=00_Af8_qlD7zYe0tlNgrqWhqiOtoIkLctRMxQgTG7_XEhKhBg&oe=6A3EDEE8&_nc_sid=0985b0,18105014216082689,https://www.instagram.com/irzafdila,https://www.instagram.com/p/DZZaEwySDEb/c/18105014216082689
28,,rinhastr30,rinhastr30,33539948144,"2026-06-13 07:39:32",0,"Berhentiin ajalahh, mbg belum bisa di terapkan di Indonesia. Perbaiki saja pendidikan negara ini!!!!!!",no,https://scontent-fra3-1.cdninstagram.com/v/t51.82787-19/711026489_18100866422116145_2941721898144904222_n.jpg?stp=dst-jpg_s150x150_tt6&efg=eyJ2ZW5jb2RlX3RhZyI6InByb2ZpbGVfcGljLmRqYW5nby4xMDgwLmMyIn0&_nc_ht=scontent-fra3-1.cdninstagram.com&_nc_cat=105&_nc_oc=Q6cZ2gFAGs7l7t6PNomjd5SaYbimiG9HUy3eCZCK2H_jIZK_ky7QEAuURUw8BZvKAmi0SaQ&_nc_ohc=_0uCOmtzkZ4Q7kNvwGykjKQ&_nc_gid=oSlL2eN1BalwW1ukIjU7-A&edm=AI-cjbYBAAAA&ccb=7-5&oh=00_Af-XK-lL7_hUEmlnN67zCSUKdraaVwYdTlQ2MowkVmdmKQ&oe=6A3EF139&_nc_sid=0985b0,18111049912931251,https://www.instagram.com/rinhastr30,https://www.instagram.com/p/DZZaEwySDEb/c/18111049912931251
29,,ranggidwii,ranggidwii,5470451264,"2026-06-13 08:46:16",0,"Tutup semuanya aja lebih bagus",no,https://scontent-fra3-1.cdninstagram.com/v/t51.82787-19/670431511_18403807540179265_5203286471077363280_n.jpg?stp=dst-jpg_s150x150_tt6&efg=eyJ2ZW5jb2RlX3RhZyI6InByb2ZpbGVfcGljLmRqYW5nby4xMDgwLmMyIn0&_nc_ht=scontent-fra3-1.cdninstagram.com&_nc_cat=101&_nc_oc=Q6cZ2gFAGs7l7t6PNomjd5SaYbimiG9HUy3eCZCK2H_jIZK_ky7QEAuURUw8BZvKAmi0SaQ&_nc_ohc=fCJjk4ZFFFsQ7kNvwHwcGjb&_nc_gid=oSlL2eN1BalwW1ukIjU7-A&edm=AI-cjbYBAAAA&ccb=7-5&oh=00_Af-Tw9jCF109COulFmsnGcmD8P-Ib163QASEulRX4WUtJw&oe=6A3EE36D&_nc_sid=0985b0,18081639062178496,https://www.instagram.com/ranggidwii,https://www.instagram.com/p/DZZaEwySDEb/c/18081639062178496
30,,didivv_97,didivv_97,78065861506,"2026-06-13 08:52:09",0,"Tutup semua",no,https://scontent-fra3-2.cdninstagram.com/v/t51.82787-19/630121998_17859169128605507_7496473448076171772_n.jpg?stp=dst-jpg_s150x150_tt6&efg=eyJ2ZW5jb2RlX3RhZyI6InByb2ZpbGVfcGljLmRqYW5nby4xMDgwLmMyIn0&_nc_ht=scontent-fra3-2.cdninstagram.com&_nc_cat=111&_nc_oc=Q6cZ2gFAGs7l7t6PNomjd5SaYbimiG9HUy3eCZCK2H_jIZK_ky7QEAuURUw8BZvKAmi0SaQ&_nc_ohc=7bOojJ6ffnYQ7kNvwFzZSow&_nc_gid=oSlL2eN1BalwW1ukIjU7-A&edm=AI-cjbYBAAAA&ccb=7-5&oh=00_Af_j348b-CyPdII-oAP2rS9J1iN75S0PrQHcsgr_Xvd4Pg&oe=6A3F0349&_nc_sid=0985b0,17905944570264249,https://www.instagram.com/didivv_97,https://www.instagram.com/p/DZZaEwySDEb/c/17905944570264249
31,,anto.gazz.1,anto.gazz.1,42206965515,"2026-06-13 09:45:58",0,"TUTUP SEMUA MALAH LEBIH BAGUS....",no,https://scontent-fra3-2.cdninstagram.com/v/t51.2885-19/475116688_1327347795066791_7325872497572257970_n.jpg?stp=dst-jpg_s150x150_tt6&efg=eyJ2ZW5jb2RlX3RhZyI6InByb2ZpbGVfcGljLmRqYW5nby45NzIuYzIifQ&_nc_ht=scontent-fra3-2.cdninstagram.com&_nc_cat=111&_nc_oc=Q6cZ2gFAGs7l7t6PNomjd5SaYbimiG9HUy3eCZCK2H_jIZK_ky7QEAuURUw8BZvKAmi0SaQ&_nc_ohc=DFyA99DVJEEQ7kNvwHjQ4MT&_nc_gid=oSlL2eN1BalwW1ukIjU7-A&edm=AI-cjbYBAAAA&ccb=7-5&oh=00_Af99PJoTL1CToJrm2d7pnnlDkoLLgief4ECf1pUhyASi1A&oe=6A3EF7E7&_nc_sid=0985b0,18595818577061882,https://www.instagram.com/anto.gazz.1,https://www.instagram.com/p/DZZaEwySDEb/c/18595818577061882
32,,simbahgokiel,simbahgokiel,1723671967,"2026-06-13 11:10:53",0,,no,https://instagram.fmaa12-3.fna.fbcdn.net/v/t51.2885-19/573323465_1219825463302212_7278921664109726296_n.png?stp=dst-jpg_e0_s150x150_tt6&efg=eyJ2ZW5jb2RlX3RhZyI6InByb2ZpbGVfcGljLmRqYW5nby4xNTAuYzIifQ&_nc_ht=instagram.fmaa12-3.fna.fbcdn.net&_nc_cat=1&_nc_oc=Q6cZ2gGaF2n-TCjjP0CgrsVSR6OLXdK3MmcwpmCcDSGUw6lYjm_wPgVSJuL6I52vLwwPOG27w9QPipN6QejGJC4Xt66R&_nc_ohc=VJDnbVufDA8Q7kNvwHbtabW&_nc_gid=nYt47VvEw_6er99KzOM8Og&edm=AHBgTAQBAAAA&ccb=7-5&ig_cache_key=YW5vbnltb3VzX3Byb2ZpbGVfcGlj.3-ccb7-5&oh=00_Af-AckG0BxCd3Fu-1Oz3d05_hSpEVyWtpJ15EAkN4EVsNg&oe=6A3EDEAA&_nc_sid=21e75c,18089829905630597,https://www.instagram.com/simbahgokiel,https://www.instagram.com/p/DZZaEwySDEb/c/18089829905630597
33,,azakifathi,azakifathi,1329591021,"2026-06-13 12:07:56",0,"Siapa yang paling kuat bertahan😂",no,https://scontent-fra5-2.cdninstagram.com/v/t51.82787-19/616169771_18552311557055022_5361842593158998713_n.jpg?stp=dst-jpg_s150x150_tt6&efg=eyJ2ZW5jb2RlX3RhZyI6InByb2ZpbGVfcGljLmRqYW5nby4xMDgwLmMyIn0&_nc_ht=scontent-fra5-2.cdninstagram.com&_nc_cat=106&_nc_oc=Q6cZ2gFAGs7l7t6PNomjd5SaYbimiG9HUy3eCZCK2H_jIZK_ky7QEAuURUw8BZvKAmi0SaQ&_nc_ohc=LYVa-Fdfas8Q7kNvwHlBrlt&_nc_gid=oSlL2eN1BalwW1ukIjU7-A&edm=AI-cjbYBAAAA&ccb=7-5&oh=00_Af-HC8OxX0uWcAHcyvNHzKCA-T6HUUA7r7jbMFE93lXvyQ&oe=6A3EE66D&_nc_sid=0985b0,18152280673489472,https://www.instagram.com/azakifathi,https://www.instagram.com/p/DZZaEwySDEb/c/18152280673489472
34,,aditysrmdi,aditysrmdi,57493263220,"2026-06-13 13:10:01",0,"@rianisf sdm rendah",no,https://instagram.fmaa12-3.fna.fbcdn.net/v/t51.2885-19/573323465_1219825463302212_7278921664109726296_n.png?stp=dst-jpg_e0_s150x150_tt6&efg=eyJ2ZW5jb2RlX3RhZyI6InByb2ZpbGVfcGljLmRqYW5nby4xNTAuYzIifQ&_nc_ht=instagram.fmaa12-3.fna.fbcdn.net&_nc_cat=1&_nc_oc=Q6cZ2gGaF2n-TCjjP0CgrsVSR6OLXdK3MmcwpmCcDSGUw6lYjm_wPgVSJuL6I52vLwwPOG27w9QPipN6QejGJC4Xt66R&_nc_ohc=VJDnbVufDA8Q7kNvwHbtabW&_nc_gid=nYt47VvEw_6er99KzOM8Og&edm=AHBgTAQBAAAA&ccb=7-5&ig_cache_key=YW5vbnltb3VzX3Byb2ZpbGVfcGlj.3-ccb7-5&oh=00_Af-AckG0BxCd3Fu-1Oz3d05_hSpEVyWtpJ15EAkN4EVsNg&oe=6A3EDEAA&_nc_sid=21e75c,18002113025942441,https://www.instagram.com/aditysrmdi,https://www.instagram.com/p/DZZaEwySDEb/c/18002113025942441
35,,eston_ndolu,eston_ndolu,38851165185,"2026-06-13 16:27:59",0,Mantap,no,https://instagram.fmaa12-3.fna.fbcdn.net/v/t51.2885-19/573323465_1219825463302212_7278921664109726296_n.png?stp=dst-jpg_e0_s150x150_tt6&efg=eyJ2ZW5jb2RlX3RhZyI6InByb2ZpbGVfcGljLmRqYW5nby4xNTAuYzIifQ&_nc_ht=instagram.fmaa12-3.fna.fbcdn.net&_nc_cat=1&_nc_oc=Q6cZ2gGaF2n-TCjjP0CgrsVSR6OLXdK3MmcwpmCcDSGUw6lYjm_wPgVSJuL6I52vLwwPOG27w9QPipN6QejGJC4Xt66R&_nc_ohc=VJDnbVufDA8Q7kNvwHbtabW&_nc_gid=nYt47VvEw_6er99KzOM8Og&edm=AHBgTAQBAAAA&ccb=7-5&ig_cache_key=YW5vbnltb3VzX3Byb2ZpbGVfcGlj.3-ccb7-5&oh=00_Af-AckG0BxCd3Fu-1Oz3d05_hSpEVyWtpJ15EAkN4EVsNg&oe=6A3EDEAA&_nc_sid=21e75c,18087245789096703,https://www.instagram.com/eston_ndolu,https://www.instagram.com/p/DZZaEwySDEb/c/18087245789096703
36,,mina_alfian1,mina_alfian1,31115473693,"2026-06-13 17:26:09",0,"1.3 triliun perhari, kalo di bagikan ke rakyat 10 juta rupiah per Kartu keluarga (KK)  bisa 130 ribu kartu keluarga kebagian  10 juta setiap harinya ,  sejahterakan rakyat, pembagian bisa di buat giliran. Contoh hari ini kabupaten  A. Kecamatan A  Besok kabupatenA Kecamatan A,  dan  koperasi merah putih alihkan fungsikan  aja buat seperti Bank aja untuk membagikan uang itu , simple kan",no,https://instagram.fmaa12-3.fna.fbcdn.net/v/t51.2885-19/573323465_1219825463302212_7278921664109726296_n.png?stp=dst-jpg_e0_s150x150_tt6&efg=eyJ2ZW5jb2RlX3RhZyI6InByb2ZpbGVfcGljLmRqYW5nby4xNTAuYzIifQ&_nc_ht=instagram.fmaa12-3.fna.fbcdn.net&_nc_cat=1&_nc_oc=Q6cZ2gGaF2n-TCjjP0CgrsVSR6OLXdK3MmcwpmCcDSGUw6lYjm_wPgVSJuL6I52vLwwPOG27w9QPipN6QejGJC4Xt66R&_nc_ohc=VJDnbVufDA8Q7kNvwHbtabW&_nc_gid=nYt47VvEw_6er99KzOM8Og&edm=AHBgTAQBAAAA&ccb=7-5&ig_cache_key=YW5vbnltb3VzX3Byb2ZpbGVfcGlj.3-ccb7-5&oh=00_Af-AckG0BxCd3Fu-1Oz3d05_hSpEVyWtpJ15EAkN4EVsNg&oe=6A3EDEAA&_nc_sid=21e75c,17867444691628550,https://www.instagram.com/mina_alfian1,https://www.instagram.com/p/DZZaEwySDEb/c/17867444691628550
37,,zkyveil,zkyveil,58573379765,"2026-06-13 17:40:35",0,"@anggiamujipratama  dari awal program ini kan buat anak sekolah dapet gizi, bukan untuk kepentingan pribadi",no,https://instagram.fmaa12-3.fna.fbcdn.net/v/t51.2885-19/573323465_1219825463302212_7278921664109726296_n.png?stp=dst-jpg_e0_s150x150_tt6&efg=eyJ2ZW5jb2RlX3RhZyI6InByb2ZpbGVfcGljLmRqYW5nby4xNTAuYzIifQ&_nc_ht=instagram.fmaa12-3.fna.fbcdn.net&_nc_cat=1&_nc_oc=Q6cZ2gGaF2n-TCjjP0CgrsVSR6OLXdK3MmcwpmCcDSGUw6lYjm_wPgVSJuL6I52vLwwPOG27w9QPipN6QejGJC4Xt66R&_nc_ohc=VJDnbVufDA8Q7kNvwHbtabW&_nc_gid=nYt47VvEw_6er99KzOM8Og&edm=AHBgTAQBAAAA&ccb=7-5&ig_cache_key=YW5vbnltb3VzX3Byb2ZpbGVfcGlj.3-ccb7-5&oh=00_Af-AckG0BxCd3Fu-1Oz3d05_hSpEVyWtpJ15EAkN4EVsNg&oe=6A3EDEAA&_nc_sid=21e75c,18106126370068012,https://www.instagram.com/zkyveil,https://www.instagram.com/p/DZZaEwySDEb/c/18106126370068012
38,,zkyveil,zkyveil,58573379765,"2026-06-13 17:41:09",0,"@_frmnhdyt wkwk",no,https://instagram.fmaa12-3.fna.fbcdn.net/v/t51.2885-19/573323465_1219825463302212_7278921664109726296_n.png?stp=dst-jpg_e0_s150x150_tt6&efg=eyJ2ZW5jb2RlX3RhZyI6InByb2ZpbGVfcGljLmRqYW5nby4xNTAuYzIifQ&_nc_ht=instagram.fmaa12-3.fna.fbcdn.net&_nc_cat=1&_nc_oc=Q6cZ2gGaF2n-TCjjP0CgrsVSR6OLXdK3MmcwpmCcDSGUw6lYjm_wPgVSJuL6I52vLwwPOG27w9QPipN6QejGJC4Xt66R&_nc_ohc=VJDnbVufDA8Q7kNvwHbtabW&_nc_gid=nYt47VvEw_6er99KzOM8Og&edm=AHBgTAQBAAAA&ccb=7-5&ig_cache_key=YW5vbnltb3VzX3Byb2ZpbGVfcGlj.3-ccb7-5&oh=00_Af-AckG0BxCd3Fu-1Oz3d05_hSpEVyWtpJ15EAkN4EVsNg&oe=6A3EDEAA&_nc_sid=21e75c,18066024425444634,https://www.instagram.com/zkyveil,https://www.instagram.com/p/DZZaEwySDEb/c/18066024425444634
39,,b4ng_j4rw0,b4ng_j4rw0,8691639148,"2026-06-13 22:11:08",0,"Saat MBG ditutup : para siswa tidak komplain, guru-guru juga tidak protes, tapi para pemilik SPPG yang mengamuk. Jadi sebenarnya siapa yang kelaparan 🤔",no,https://scontent-fra3-1.cdninstagram.com/v/t51.82787-19/628403370_18255087490295149_6541804168859112895_n.jpg?stp=dst-jpg_s150x150_tt6&efg=eyJ2ZW5jb2RlX3RhZyI6InByb2ZpbGVfcGljLmRqYW5nby4xMDgwLmMyIn0&_nc_ht=scontent-fra3-1.cdninstagram.com&_nc_cat=101&_nc_oc=Q6cZ2gFAGs7l7t6PNomjd5SaYbimiG9HUy3eCZCK2H_jIZK_ky7QEAuURUw8BZvKAmi0SaQ&_nc_ohc=LMRIkon3SooQ7kNvwGjxqC8&_nc_gid=oSlL2eN1BalwW1ukIjU7-A&edm=AI-cjbYBAAAA&ccb=7-5&oh=00_Af9YvYGO3W0w_7tCCs4OwFhZhXXdxTos4PIZg-9ahBHC4w&oe=6A3EF7DC&_nc_sid=0985b0,18121326850661557,https://www.instagram.com/b4ng_j4rw0,https://www.instagram.com/p/DZZaEwySDEb/c/18121326850661557
40,,zhara_4949,zhara_4949,69570345962,"2026-06-14 02:06:50",0,"Kemarin saat berhenti operasi.....SAYA NGAK NEMU SISWA PROTES ATAU GURU PROTES 🤔 YANG PROTES MALAH PEMILIK DAPUR SPPG.....LAH KOCAK",no,https://scontent-fra3-2.cdninstagram.com/v/t51.2885-19/462473925_2841592349324296_6609459463396081342_n.jpg?stp=dst-jpg_s150x150_tt6&efg=eyJ2ZW5jb2RlX3RhZyI6InByb2ZpbGVfcGljLmRqYW5nby4zMjAuYzIifQ&_nc_ht=scontent-fra3-2.cdninstagram.com&_nc_cat=104&_nc_oc=Q6cZ2gFAGs7l7t6PNomjd5SaYbimiG9HUy3eCZCK2H_jIZK_ky7QEAuURUw8BZvKAmi0SaQ&_nc_ohc=hiaJa7DkCUQQ7kNvwF_hodd&_nc_gid=oSlL2eN1BalwW1ukIjU7-A&edm=AI-cjbYBAAAA&ccb=7-5&oh=00_Af85VYZtzFS4q8WQwL7HAzefTbQ2cQ3ILF6DkbUS4krrNw&oe=6A3EF975&_nc_sid=0985b0,18397912876084487,https://www.instagram.com/zhara_4949,https://www.instagram.com/p/DZZaEwySDEb/c/18397912876084487
41,,odesatriawibawa,odesatriawibawa,1450772190,"2026-06-14 13:11:01",0,"yang ada kewalahan, gimna sih ini program😂",no,https://scontent-fra5-1.cdninstagram.com/v/t51.2885-19/284161207_673001790461726_1444015380077912690_n.jpg?stp=dst-jpg_s150x150_tt6&efg=eyJ2ZW5jb2RlX3RhZyI6InByb2ZpbGVfcGljLmRqYW5nby4xMDgwLmMyIn0&_nc_ht=scontent-fra5-1.cdninstagram.com&_nc_cat=102&_nc_oc=Q6cZ2gFAGs7l7t6PNomjd5SaYbimiG9HUy3eCZCK2H_jIZK_ky7QEAuURUw8BZvKAmi0SaQ&_nc_ohc=_qUiQgUSaBcQ7kNvwH4-_-V&_nc_gid=oSlL2eN1BalwW1ukIjU7-A&edm=AI-cjbYBAAAA&ccb=7-5&oh=00_Af-QhS_HkmbT-pSTdC1QPjK_rUy-LvjAsvUeavAYXMvjMw&oe=6A3F123B&_nc_sid=0985b0,18119356204804801,https://www.instagram.com/odesatriawibawa,https://www.instagram.com/p/DZZaEwySDEb/c/18119356204804801
42,,wawan.setyaaa,wawan.setyaaa,1941801218,"2026-06-14 15:07:35",0,"Semuanya saja gapapa!!!",no,https://scontent-fra3-1.cdninstagram.com/v/t51.2885-19/471542369_9407002759332723_4421969627059717723_n.jpg?stp=dst-jpg_s150x150_tt6&efg=eyJ2ZW5jb2RlX3RhZyI6InByb2ZpbGVfcGljLmRqYW5nby4xMDgwLmMyIn0&_nc_ht=scontent-fra3-1.cdninstagram.com&_nc_cat=103&_nc_oc=Q6cZ2gFAGs7l7t6PNomjd5SaYbimiG9HUy3eCZCK2H_jIZK_ky7QEAuURUw8BZvKAmi0SaQ&_nc_ohc=SE1agQX03Z8Q7kNvwHCS7lo&_nc_gid=oSlL2eN1BalwW1ukIjU7-A&edm=AI-cjbYBAAAA&ccb=7-5&oh=00_Af_7shk0jdktqUlmYfKOCLPam3bGAFfRelqGvEKLgQ3xtw&oe=6A3EF0EF&_nc_sid=0985b0,18099378485130183,https://www.instagram.com/wawan.setyaaa,https://www.instagram.com/p/DZZaEwySDEb/c/18099378485130183
43,,wawan.setyaaa,wawan.setyaaa,1941801218,"2026-06-14 15:07:54",0,"@suduttemanggung desaku 2 meh dadi 3 min",no,https://scontent-fra3-1.cdninstagram.com/v/t51.2885-19/471542369_9407002759332723_4421969627059717723_n.jpg?stp=dst-jpg_s150x150_tt6&efg=eyJ2ZW5jb2RlX3RhZyI6InByb2ZpbGVfcGljLmRqYW5nby4xMDgwLmMyIn0&_nc_ht=scontent-fra3-1.cdninstagram.com&_nc_cat=103&_nc_oc=Q6cZ2gFAGs7l7t6PNomjd5SaYbimiG9HUy3eCZCK2H_jIZK_ky7QEAuURUw8BZvKAmi0SaQ&_nc_ohc=SE1agQX03Z8Q7kNvwHCS7lo&_nc_gid=oSlL2eN1BalwW1ukIjU7-A&edm=AI-cjbYBAAAA&ccb=7-5&oh=00_Af_7shk0jdktqUlmYfKOCLPam3bGAFfRelqGvEKLgQ3xtw&oe=6A3EF0EF&_nc_sid=0985b0,17876642610486784,https://www.instagram.com/wawan.setyaaa,https://www.instagram.com/p/DZZaEwySDEb/c/17876642610486784
44,,ifiar_,ifiar_,31690772723,"2026-06-15 00:12:55",0,👏👏👏,no,https://scontent-fra5-1.cdninstagram.com/v/t51.2885-19/514533436_18069017279060724_2245164669940849738_n.jpg?stp=dst-jpg_s150x150_tt6&efg=eyJ2ZW5jb2RlX3RhZyI6InByb2ZpbGVfcGljLmRqYW5nby4xMDgwLmMyIn0&_nc_ht=scontent-fra5-1.cdninstagram.com&_nc_cat=100&_nc_oc=Q6cZ2gFAGs7l7t6PNomjd5SaYbimiG9HUy3eCZCK2H_jIZK_ky7QEAuURUw8BZvKAmi0SaQ&_nc_ohc=bH13BiHQl-oQ7kNvwG4iDNX&_nc_gid=oSlL2eN1BalwW1ukIjU7-A&edm=AI-cjbYBAAAA&ccb=7-5&oh=00_Af8DdbhHakx1p0npBuyN_9NGonqUSQvjrYozbFEcJYCd6g&oe=6A3EFBDF&_nc_sid=0985b0,18533483716078708,https://www.instagram.com/ifiar_,https://www.instagram.com/p/DZZaEwySDEb/c/18533483716078708
45,,namm_juu,namm_juu,46831947347,"2026-06-15 01:31:03",0,"Mending close semua d bukk.",no,https://scontent-fra3-2.cdninstagram.com/v/t51.82787-19/715508452_18056070704563348_509197090990387187_n.jpg?stp=dst-jpg_s150x150_tt6&efg=eyJ2ZW5jb2RlX3RhZyI6InByb2ZpbGVfcGljLmRqYW5nby4xMDgwLmMyIn0&_nc_ht=scontent-fra3-2.cdninstagram.com&_nc_cat=104&_nc_oc=Q6cZ2gFAGs7l7t6PNomjd5SaYbimiG9HUy3eCZCK2H_jIZK_ky7QEAuURUw8BZvKAmi0SaQ&_nc_ohc=F59E-lWDz18Q7kNvwEh-85I&_nc_gid=oSlL2eN1BalwW1ukIjU7-A&edm=AI-cjbYBAAAA&ccb=7-5&oh=00_Af94EdF5CL5sKyl-6hytmoRYNcLmHZjLKWEpGucHiQYRow&oe=6A3EE23E&_nc_sid=0985b0,18366040261226726,https://www.instagram.com/namm_juu,https://www.instagram.com/p/DZZaEwySDEb/c/18366040261226726
46,,reiarlestia,reiarlestia,54338305824,"2026-06-15 04:21:15",0,"Tau gak yang aman gak bakal ditutup? Yang punyanya keluarga pejabat, TNI, polri, dan partai saya yakin mereka aman walaupun buka paling terakhir",no,https://scontent-fra3-1.cdninstagram.com/v/t51.82787-19/656279304_18022747394809825_1826216758466493501_n.jpg?stp=dst-jpg_s150x150_tt6&efg=eyJ2ZW5jb2RlX3RhZyI6InByb2ZpbGVfcGljLmRqYW5nby4xMDgwLmMyIn0&_nc_ht=scontent-fra3-1.cdninstagram.com&_nc_cat=101&_nc_oc=Q6cZ2gFAGs7l7t6PNomjd5SaYbimiG9HUy3eCZCK2H_jIZK_ky7QEAuURUw8BZvKAmi0SaQ&_nc_ohc=ztfQZzlIuusQ7kNvwGzftwg&_nc_gid=oSlL2eN1BalwW1ukIjU7-A&edm=AI-cjbYBAAAA&ccb=7-5&oh=00_Af9gCUsx3R8c84O1ne5JRRWE7stb91Ue0CCur14PQLPrrQ&oe=6A3EF84A&_nc_sid=0985b0,18080953517206613,https://www.instagram.com/reiarlestia,https://www.instagram.com/p/DZZaEwySDEb/c/18080953517206613
47,,rebahanann,rebahanann,66044784033,"2026-06-15 08:42:09",0,"6 kebanyakan minimal 3 saja",no,https://scontent-fra5-1.cdninstagram.com/v/t51.2885-19/435476581_1148318266520786_2338045064885914882_n.jpg?stp=dst-jpg_s150x150_tt6&efg=eyJ2ZW5jb2RlX3RhZyI6InByb2ZpbGVfcGljLmRqYW5nby42MjguYzIifQ&_nc_ht=scontent-fra5-1.cdninstagram.com&_nc_cat=102&_nc_oc=Q6cZ2gFAGs7l7t6PNomjd5SaYbimiG9HUy3eCZCK2H_jIZK_ky7QEAuURUw8BZvKAmi0SaQ&_nc_ohc=QPJaLAhK0J8Q7kNvwGp0ACX&_nc_gid=oSlL2eN1BalwW1ukIjU7-A&edm=AI-cjbYBAAAA&ccb=7-5&oh=00_Af8hlzqdX8DWgC4jF9yXRRsYF5BJmVDyBsgmK2QqWKo9Yw&oe=6A3F1125&_nc_sid=0985b0,18084643943152197,https://www.instagram.com/rebahanann,https://www.instagram.com/p/DZZaEwySDEb/c/18084643943152197
48,,ester_ws,ester_ws,1393415115,"2026-06-15 09:29:04",0,"Salah kalau cukup 6...maksimal 6 boleh ,dengan catatan berbasis data untuk penerima manfaat sesuai amanah awal yaitu menekan angka stunting ,jangan dilebarkan sampai ke mana2",no,https://scontent-fra3-1.cdninstagram.com/v/t51.2885-19/359799323_1241534306723005_3001403725534212711_n.jpg?stp=dst-jpg_s150x150_tt6&efg=eyJ2ZW5jb2RlX3RhZyI6InByb2ZpbGVfcGljLmRqYW5nby43MjAuYzIifQ&_nc_ht=scontent-fra3-1.cdninstagram.com&_nc_cat=101&_nc_oc=Q6cZ2gFAGs7l7t6PNomjd5SaYbimiG9HUy3eCZCK2H_jIZK_ky7QEAuURUw8BZvKAmi0SaQ&_nc_ohc=E9jjtALzVG8Q7kNvwHuWDUF&_nc_gid=oSlL2eN1BalwW1ukIjU7-A&edm=AI-cjbYBAAAA&ccb=7-5&oh=00_Af_MzXKG3Q0kLYe1boT_x-PXJ8xP-CenvqKPFBUf--JZmQ&oe=6A3EEAD0&_nc_sid=0985b0,17959285041131832,https://www.instagram.com/ester_ws,https://www.instagram.com/p/DZZaEwySDEb/c/17959285041131832
49,,vanesanovitasarina,vanesanovitasarina,24654846427,"2026-06-15 09:34:36",0,"Lagi banyak bahasan soal MBG nih. Ngomong-ngomong kalau lagi santai, cek juga gerbang markas di Google. Platform hiburan gratis yang punya keuntungan harian juga. #gerbangmarkas",no,https://scontent-fra5-1.cdninstagram.com/v/t51.82787-19/720486971_18106890199822428_3445657249805977247_n.jpg?stp=dst-jpg_s150x150_tt6&efg=eyJ2ZW5jb2RlX3RhZyI6InByb2ZpbGVfcGljLmRqYW5nby43MjAuYzIifQ&_nc_ht=scontent-fra5-1.cdninstagram.com&_nc_cat=100&_nc_oc=Q6cZ2gFAGs7l7t6PNomjd5SaYbimiG9HUy3eCZCK2H_jIZK_ky7QEAuURUw8BZvKAmi0SaQ&_nc_ohc=pnQRaoHCazcQ7kNvwHTrf4H&_nc_gid=oSlL2eN1BalwW1ukIjU7-A&edm=AI-cjbYBAAAA&ccb=7-5&oh=00_Af95zgylL3gsRtBVqC59QPAXtpEjRWY0t_f8nlzi2Tm1JQ&oe=6A3EF42A&_nc_sid=0985b0,18093458828193189,https://www.instagram.com/vanesanovitasarina,https://www.instagram.com/p/DZZaEwySDEb/c/18093458828193189
50,,kholikk94,kholikk94,75815803222,"2026-06-15 10:15:27",0,"Dan dananya tetap sama 1,2T bonyok2",no,https://scontent-fra3-2.cdninstagram.com/v/t51.82787-19/625452281_17873406345523223_6902682218357092045_n.jpg?stp=dst-jpg_s150x150_tt6&efg=eyJ2ZW5jb2RlX3RhZyI6InByb2ZpbGVfcGljLmRqYW5nby4xMDgwLmMyIn0&_nc_ht=scontent-fra3-2.cdninstagram.com&_nc_cat=111&_nc_oc=Q6cZ2gFAGs7l7t6PNomjd5SaYbimiG9HUy3eCZCK2H_jIZK_ky7QEAuURUw8BZvKAmi0SaQ&_nc_ohc=RQ_gHt7ROKIQ7kNvwEFOnas&_nc_gid=oSlL2eN1BalwW1ukIjU7-A&edm=AI-cjbYBAAAA&ccb=7-5&oh=00_Af-p4CajFV9AMZwyUM7E7AdtSkfGyvJX6L2J8UWyGmyDQA&oe=6A3F0071&_nc_sid=0985b0,18133975303604815,https://www.instagram.com/kholikk94,https://www.instagram.com/p/DZZaEwySDEb/c/18133975303604815
51,,mhmmdalbert__,mhmmdalbert__,54209875118,"2026-06-15 12:38:13",0,"Tutup semua aja ajg",no,https://scontent-fra3-1.cdninstagram.com/v/t51.82787-19/701509574_18033212105803119_3622378858423544460_n.jpg?stp=dst-jpg_s150x150_tt6&efg=eyJ2ZW5jb2RlX3RhZyI6InByb2ZpbGVfcGljLmRqYW5nby4xMDc4LmMyIn0&_nc_ht=scontent-fra3-1.cdninstagram.com&_nc_cat=103&_nc_oc=Q6cZ2gHI6YgVv7jxpgfVxg_ZbjMsaTYZY7UZRt7Do7Q8hZug2sgh4QgccKNLIRzqL-EQoN4&_nc_ohc=fGFw8NIR-ugQ7kNvwG-uoEc&_nc_gid=2koIY41-6F9D-P6V5ci6nw&edm=AI-cjbYBAAAA&ccb=7-5&oh=00_Af87JW9UlauwX8u6h-MdbJIj_pA8mHBI-kcU-Aheqc6NqA&oe=6A3EF4D4&_nc_sid=0985b0,18100683838923498,https://www.instagram.com/mhmmdalbert__,https://www.instagram.com/p/DZZaEwySDEb/c/18100683838923498
52,,sirexx_rebond,sirexx_rebond,59849298372,"2026-06-15 23:47:40",0,"Baru berjalan setahun, udh di korup perhari 1m😢",no,https://scontent-fra3-1.cdninstagram.com/v/t51.82787-19/523505827_17943600425994373_2864649351483185070_n.jpg?stp=dst-jpg_s150x150_tt6&efg=eyJ2ZW5jb2RlX3RhZyI6InByb2ZpbGVfcGljLmRqYW5nby4xMDgwLmMyIn0&_nc_ht=scontent-fra3-1.cdninstagram.com&_nc_cat=101&_nc_oc=Q6cZ2gHI6YgVv7jxpgfVxg_ZbjMsaTYZY7UZRt7Do7Q8hZug2sgh4QgccKNLIRzqL-EQoN4&_nc_ohc=vzcJyFp8vPkQ7kNvwHW1ew2&_nc_gid=2koIY41-6F9D-P6V5ci6nw&edm=AI-cjbYBAAAA&ccb=7-5&oh=00_Af93YA4LPC80Fxs2X4eEi0MEBRQ60tT4uC3Y8lGfyJFBJg&oe=6A3F01EF&_nc_sid=0985b0,18143328871524193,https://www.instagram.com/sirexx_rebond,https://www.instagram.com/p/DZZaEwySDEb/c/18143328871524193
53,,ruhullahilazmi,ruhullahilazmi,51756908810,"2026-06-16 11:06:56",0,"B***s*t ga, yg kmrn korupsi yang sekarang maen tutup saja kek ga mikir orang keluarin dana buat bikin sppg, a***** semua.. emg g**l*k senuanya..",no,https://scontent-fra5-2.cdninstagram.com/v/t51.2885-19/366117790_977752170145674_6899944483047873443_n.jpg?stp=dst-jpg_s150x150_tt6&efg=eyJ2ZW5jb2RlX3RhZyI6InByb2ZpbGVfcGljLmRqYW5nby4xMDgwLmMyIn0&_nc_ht=scontent-fra5-2.cdninstagram.com&_nc_cat=106&_nc_oc=Q6cZ2gHI6YgVv7jxpgfVxg_ZbjMsaTYZY7UZRt7Do7Q8hZug2sgh4QgccKNLIRzqL-EQoN4&_nc_ohc=QVTz__65TVgQ7kNvwGGVGzw&_nc_gid=2koIY41-6F9D-P6V5ci6nw&edm=AI-cjbYBAAAA&ccb=7-5&oh=00_Af_GSxlHPKQ1HaS-95aosyOEMLOU9etLkQO6hMbUpOYsuA&oe=6A3F0090&_nc_sid=0985b0,18134046496580180,https://www.instagram.com/ruhullahilazmi,https://www.instagram.com/p/DZZaEwySDEb/c/18134046496580180
54,,zes_zes_zes,zes_zes_zes,292943022,"2026-06-16 12:24:26",0,"Yang bertahan pasti MBG POLISI DAN TNI 😂",no,https://scontent-fra3-1.cdninstagram.com/v/t51.82787-19/591157001_18543148267015023_3125059032285948943_n.jpg?stp=dst-jpg_s150x150_tt6&efg=eyJ2ZW5jb2RlX3RhZyI6InByb2ZpbGVfcGljLmRqYW5nby44NjQuYzIifQ&_nc_ht=scontent-fra3-1.cdninstagram.com&_nc_cat=103&_nc_oc=Q6cZ2gHI6YgVv7jxpgfVxg_ZbjMsaTYZY7UZRt7Do7Q8hZug2sgh4QgccKNLIRzqL-EQoN4&_nc_ohc=CV_WyqkUoPcQ7kNvwE1dhyg&_nc_gid=2koIY41-6F9D-P6V5ci6nw&edm=AI-cjbYBAAAA&ccb=7-5&oh=00_Af8paqrHD3OMqan6Kpha8YE-HwLaxalimW7IJpWJl1mGGQ&oe=6A3EE051&_nc_sid=0985b0,18102191228028659,https://www.instagram.com/zes_zes_zes,https://www.instagram.com/p/DZZaEwySDEb/c/18102191228028659
55,,bfzgkchkb7756,bfzgkchkb7756,61350033307,"2026-06-16 14:37:50",0,"Alhamdulillah semoga tutup semua",no,https://instagram.famd21-1.fna.fbcdn.net/v/t51.2885-19/573323465_1219825463302212_7278921664109726296_n.png?stp=dst-jpg_e0_s150x150_tt6&efg=eyJ2ZW5jb2RlX3RhZyI6InByb2ZpbGVfcGljLmRqYW5nby4xNTAuYzIifQ&_nc_ht=instagram.famd21-1.fna.fbcdn.net&_nc_cat=1&_nc_oc=Q6cZ2gGEe5VCwSDUtvxps5pQir6ZgsGXXISV9ABKdDy_33l72Pi-JPxl6zxMpmik-9ZsUWVHUSMMiDqlzBr_8Yg9Lu2o&_nc_ohc=VJDnbVufDA8Q7kNvwHCs-Ov&_nc_gid=LxAYWuWAi-oDGCsVmZpk9g&edm=APXIsjUBAAAA&ccb=7-5&ig_cache_key=YW5vbnltb3VzX3Byb2ZpbGVfcGlj.3-ccb7-5&oh=00_Af8KYiH46vqenTGx6SprVMdTRWB9qV0mgJawJs_Z-9LcTA&oe=6A3EDEAA&_nc_sid=ed4851,17943267381231600,https://www.instagram.com/bfzgkchkb7756,https://www.instagram.com/p/DZZaEwySDEb/c/17943267381231600
56,,diahutariajaaaah,diahutariajaaaah,2379372885,"2026-06-17 04:51:34",0,"Sepakat, penting nya tata kelola 🔥",no,https://scontent-fra5-2.cdninstagram.com/v/t51.82787-19/719613076_18545728285076886_1066868235909772264_n.jpg?stp=dst-jpg_s150x150_tt6&efg=eyJ2ZW5jb2RlX3RhZyI6InByb2ZpbGVfcGljLmRqYW5nby4xMDgwLmMyIn0&_nc_ht=scontent-fra5-2.cdninstagram.com&_nc_cat=106&_nc_oc=Q6cZ2gHI6YgVv7jxpgfVxg_ZbjMsaTYZY7UZRt7Do7Q8hZug2sgh4QgccKNLIRzqL-EQoN4&_nc_ohc=DYurQxumJTQQ7kNvwGSj8W-&_nc_gid=2koIY41-6F9D-P6V5ci6nw&edm=AI-cjbYBAAAA&ccb=7-5&oh=00_Af_yioZGG7wziKdS1fvPPSOQ6lzfwu0jxJRLj_kq-d7jdg&oe=6A3F0272&_nc_sid=0985b0,17891320827542103,https://www.instagram.com/diahutariajaaaah,https://www.instagram.com/p/DZZaEwySDEb/c/17891320827542103
57,,ulyaharyantina,ulyaharyantina,13684450050,"2026-06-17 15:42:40",0,"Menarik lihat respons masyarakat soal program ini 🤔🥘 Cek Google ""gerbangmarkas"". #gerbangmarkas",no,https://scontent-fra3-1.cdninstagram.com/v/t51.82787-19/721842482_18144329680458051_6022268972744671228_n.jpg?stp=dst-jpg_s150x150_tt6&efg=eyJ2ZW5jb2RlX3RhZyI6InByb2ZpbGVfcGljLmRqYW5nby43MjAuYzIifQ&_nc_ht=scontent-fra3-1.cdninstagram.com&_nc_cat=103&_nc_oc=Q6cZ2gHI6YgVv7jxpgfVxg_ZbjMsaTYZY7UZRt7Do7Q8hZug2sgh4QgccKNLIRzqL-EQoN4&_nc_ohc=wZycTgRHhl4Q7kNvwFXIecI&_nc_gid=2koIY41-6F9D-P6V5ci6nw&edm=AI-cjbYBAAAA&ccb=7-5&oh=00_Af-oOTg6snqnG5693LLc_nAnCI046AO9xht8EPe8HIPVrA&oe=6A3F0A34&_nc_sid=0985b0,18080743475663318,https://www.instagram.com/ulyaharyantina,https://www.instagram.com/p/DZZaEwySDEb/c/18080743475663318
58,,cheesygo01,cheesygo01,1953247733,"2026-06-17 17:32:50",0,"@rich13juice.wrld lahh.. gua berstatment netral. Karena mbg ada korupsi dan terbukti.. tutup semua bukan solusi.. jdi tutup bertahap sdikit"" smpe jdi tepat sasaran maupun jumlah.. itu lbih baik",no,https://scontent-fra5-1.cdninstagram.com/v/t51.82787-19/608859940_18520407664071734_1156657820008222887_n.jpg?stp=dst-jpg_s150x150_tt6&efg=eyJ2ZW5jb2RlX3RhZyI6InByb2ZpbGVfcGljLmRqYW5nby4xMDgwLmMyIn0&_nc_ht=scontent-fra5-1.cdninstagram.com&_nc_cat=102&_nc_oc=Q6cZ2gHI6YgVv7jxpgfVxg_ZbjMsaTYZY7UZRt7Do7Q8hZug2sgh4QgccKNLIRzqL-EQoN4&_nc_ohc=2fSdAZUWC6wQ7kNvwEnh2MS&_nc_gid=2koIY41-6F9D-P6V5ci6nw&edm=AI-cjbYBAAAA&ccb=7-5&oh=00_Af-Cedv_1dYlCmNabGTZMGnK7DEue1B8MTo96qWPnzfL7Q&oe=6A3EDC83&_nc_sid=0985b0,17932716465285911,https://www.instagram.com/cheesygo01,https://www.instagram.com/p/DZZaEwySDEb/c/17932716465285911
59,,ziro_islamic,ziro_islamic,47343316971,"2026-06-18 05:33:50",0,"@rianisf  aja sendiri",no,https://scontent-fra5-1.cdninstagram.com/v/t51.82787-19/640458023_18034173920580972_3413756280797938066_n.jpg?stp=dst-jpg_s150x150_tt6&efg=eyJ2ZW5jb2RlX3RhZyI6InByb2ZpbGVfcGljLmRqYW5nby4zNDguYzIifQ&_nc_ht=scontent-fra5-1.cdninstagram.com&_nc_cat=100&_nc_oc=Q6cZ2gHI6YgVv7jxpgfVxg_ZbjMsaTYZY7UZRt7Do7Q8hZug2sgh4QgccKNLIRzqL-EQoN4&_nc_ohc=xuILNjX6uHAQ7kNvwHS0YZF&_nc_gid=2koIY41-6F9D-P6V5ci6nw&edm=AI-cjbYBAAAA&ccb=7-5&oh=00_Af_V8X55OEQBA-w8tiqdmLG9EMqLuHy1LH3mBvTbI-KaDQ&oe=6A3EF870&_nc_sid=0985b0,18104926025008329,https://www.instagram.com/ziro_islamic,https://www.instagram.com/p/DZZaEwySDEb/c/18104926025008329
60,,ziro_islamic,ziro_islamic,47343316971,"2026-06-18 05:34:05",0,"Aja sendiri",no,https://scontent-fra5-1.cdninstagram.com/v/t51.82787-19/640458023_18034173920580972_3413756280797938066_n.jpg?stp=dst-jpg_s150x150_tt6&efg=eyJ2ZW5jb2RlX3RhZyI6InByb2ZpbGVfcGljLmRqYW5nby4zNDguYzIifQ&_nc_ht=scontent-fra5-1.cdninstagram.com&_nc_cat=100&_nc_oc=Q6cZ2gHI6YgVv7jxpgfVxg_ZbjMsaTYZY7UZRt7Do7Q8hZug2sgh4QgccKNLIRzqL-EQoN4&_nc_ohc=xuILNjX6uHAQ7kNvwHS0YZF&_nc_gid=2koIY41-6F9D-P6V5ci6nw&edm=AI-cjbYBAAAA&ccb=7-5&oh=00_Af_V8X55OEQBA-w8tiqdmLG9EMqLuHy1LH3mBvTbI-KaDQ&oe=6A3EF870&_nc_sid=0985b0,18146815207505622,https://www.instagram.com/ziro_islamic,https://www.instagram.com/p/DZZaEwySDEb/c/18146815207505622
61,,rakkadio,rakkadio,145321862,"2026-06-18 09:42:13",0,"Tutup semuanyaaa jangan ada lagi MBG",no,https://scontent-fra3-2.cdninstagram.com/v/t51.82787-19/710959513_18587865445041863_281562956909393157_n.jpg?stp=dst-jpg_s150x150_tt6&efg=eyJ2ZW5jb2RlX3RhZyI6InByb2ZpbGVfcGljLmRqYW5nby4xMDgwLmMyIn0&_nc_ht=scontent-fra3-2.cdninstagram.com&_nc_cat=111&_nc_oc=Q6cZ2gHI6YgVv7jxpgfVxg_ZbjMsaTYZY7UZRt7Do7Q8hZug2sgh4QgccKNLIRzqL-EQoN4&_nc_ohc=iBobOc2qIFcQ7kNvwEuDV_5&_nc_gid=2koIY41-6F9D-P6V5ci6nw&edm=AI-cjbYBAAAA&ccb=7-5&oh=00_Af_T06-Ij0HczyYija35E3AiD8NCtQ40_iH5SKEzWcV-ig&oe=6A3EED00&_nc_sid=0985b0,18135723940510235,https://www.instagram.com/rakkadio,https://www.instagram.com/p/DZZaEwySDEb/c/18135723940510235
62,,yeyen08_hamed_junior,yeyen08_hamed_junior,6291005470,"2026-06-18 10:50:25",0,"Seharusnya MBG di percayakan oleh pihak sekolahan pak @gibran_rakabuming biar di masak oleh ibu,e kantin atau di borongkan oleh umkm daerah dekat sekolahan... tolong pak @teddy_hq @realtedsky89 bilang pak @prabowo kalau MBG di percayakan oleh pihak sekolahan.. 🔥🔥",no,https://scontent-fra5-2.cdninstagram.com/v/t51.82787-19/621597469_18336433780213471_5154730613914043985_n.jpg?stp=dst-jpg_s150x150_tt6&efg=eyJ2ZW5jb2RlX3RhZyI6InByb2ZpbGVfcGljLmRqYW5nby4xMDgwLmMyIn0&_nc_ht=scontent-fra5-2.cdninstagram.com&_nc_cat=107&_nc_oc=Q6cZ2gHI6YgVv7jxpgfVxg_ZbjMsaTYZY7UZRt7Do7Q8hZug2sgh4QgccKNLIRzqL-EQoN4&_nc_ohc=zM8AFgFom5sQ7kNvwFRWhGC&_nc_gid=2koIY41-6F9D-P6V5ci6nw&edm=AI-cjbYBAAAA&ccb=7-5&oh=00_Af8UTsvX9PaKHsW5QLZekpWKbNiZcAcnRzBn1joVwYMWyA&oe=6A3F01D4&_nc_sid=0985b0,18100349846170688,https://www.instagram.com/yeyen08_hamed_junior,https://www.instagram.com/p/DZZaEwySDEb/c/18100349846170688
63,,gilaang_fm,gilaang_fm,49313762600,"2026-06-18 13:37:18",0,😂😂😂😂,no,https://scontent-fra5-2.cdninstagram.com/v/t51.82787-19/725096921_18082913132642601_5146039297930256794_n.jpg?stp=dst-jpg_s150x150_tt6&efg=eyJ2ZW5jb2RlX3RhZyI6InByb2ZpbGVfcGljLmRqYW5nby4xMDgwLmMyIn0&_nc_ht=scontent-fra5-2.cdninstagram.com&_nc_cat=109&_nc_oc=Q6cZ2gHI6YgVv7jxpgfVxg_ZbjMsaTYZY7UZRt7Do7Q8hZug2sgh4QgccKNLIRzqL-EQoN4&_nc_ohc=AQH9uP4QSqAQ7kNvwFJqODn&_nc_gid=2koIY41-6F9D-P6V5ci6nw&edm=AI-cjbYBAAAA&ccb=7-5&oh=00_Af-fjPMyZhUEBiO_emdK-IEjGU64ROlZ12xSH6Lmyp8i-A&oe=6A3F09F3&_nc_sid=0985b0,18134703613571895,https://www.instagram.com/gilaang_fm,https://www.instagram.com/p/DZZaEwySDEb/c/18134703613571895
64,,lbrabdazz,lbrabdazz,36177804815,"2026-06-19 01:01:09",0,"@rianisf tutup mulut aja deh loh ga pantes hidup indonesia",no,https://scontent-fra3-1.cdninstagram.com/v/t51.82787-19/726988072_18094701566204816_1472332684332116611_n.jpg?stp=dst-jpg_s150x150_tt6&efg=eyJ2ZW5jb2RlX3RhZyI6InByb2ZpbGVfcGljLmRqYW5nby4xMDgwLmMyIn0&_nc_ht=scontent-fra3-1.cdninstagram.com&_nc_cat=108&_nc_oc=Q6cZ2gHI6YgVv7jxpgfVxg_ZbjMsaTYZY7UZRt7Do7Q8hZug2sgh4QgccKNLIRzqL-EQoN4&_nc_ohc=kPcUoLNnKzwQ7kNvwFErxUA&_nc_gid=2koIY41-6F9D-P6V5ci6nw&edm=AI-cjbYBAAAA&ccb=7-5&oh=00_Af9c0JW7vmcylYk_juok_9fEP_HwlZxh5JeTdUDeHgZwtw&oe=6A3EFE1E&_nc_sid=0985b0,18113270377700295,https://www.instagram.com/lbrabdazz,https://www.instagram.com/p/DZZaEwySDEb/c/18113270377700295
65,,kopi.hitam.madu,kopi.hitam.madu,4492923809,"2026-06-19 04:43:12",0,"tutup mbg tangkap ksppg koruptor",no,https://instagram.famd21-1.fna.fbcdn.net/v/t51.2885-19/573323465_1219825463302212_7278921664109726296_n.png?stp=dst-jpg_e0_s150x150_tt6&efg=eyJ2ZW5jb2RlX3RhZyI6InByb2ZpbGVfcGljLmRqYW5nby4xNTAuYzIifQ&_nc_ht=instagram.famd21-1.fna.fbcdn.net&_nc_cat=1&_nc_oc=Q6cZ2gGEe5VCwSDUtvxps5pQir6ZgsGXXISV9ABKdDy_33l72Pi-JPxl6zxMpmik-9ZsUWVHUSMMiDqlzBr_8Yg9Lu2o&_nc_ohc=VJDnbVufDA8Q7kNvwHCs-Ov&_nc_gid=LxAYWuWAi-oDGCsVmZpk9g&edm=APXIsjUBAAAA&ccb=7-5&ig_cache_key=YW5vbnltb3VzX3Byb2ZpbGVfcGlj.3-ccb7-5&oh=00_Af8KYiH46vqenTGx6SprVMdTRWB9qV0mgJawJs_Z-9LcTA&oe=6A3EDEAA&_nc_sid=ed4851,18113444722698377,https://www.instagram.com/kopi.hitam.madu,https://www.instagram.com/p/DZZaEwySDEb/c/18113444722698377
66,,w4rtafana,w4rtafana,7315534278,"2026-06-19 05:53:50",0,"Ini lebih baik siih 🤔",no,https://scontent-fra5-2.cdninstagram.com/v/t51.82787-19/701686915_18351101809246279_2788093189381904343_n.jpg?stp=dst-jpg_s150x150_tt6&efg=eyJ2ZW5jb2RlX3RhZyI6InByb2ZpbGVfcGljLmRqYW5nby4xMDgwLmMyIn0&_nc_ht=scontent-fra5-2.cdninstagram.com&_nc_cat=107&_nc_oc=Q6cZ2gHI6YgVv7jxpgfVxg_ZbjMsaTYZY7UZRt7Do7Q8hZug2sgh4QgccKNLIRzqL-EQoN4&_nc_ohc=v5Po4yNbHhwQ7kNvwGReiiC&_nc_gid=2koIY41-6F9D-P6V5ci6nw&edm=AI-cjbYBAAAA&ccb=7-5&oh=00_Af9aHbUJ27EG9f0076urZ9p9EIPcQ28L3YWKMaj4yEUvow&oe=6A3F0E44&_nc_sid=0985b0,18091808567185376,https://www.instagram.com/w4rtafana,https://www.instagram.com/p/DZZaEwySDEb/c/18091808567185376
67,,rosalinasuryani7,rosalinasuryani7,53636307519,"2026-06-19 06:54:12",0,"@rosalinasuryani7 Iyess betul banget itu yg paling utama,,,",no,https://scontent-fra3-2.cdninstagram.com/v/t51.2885-19/491507057_17997611273787520_6075105067666441728_n.jpg?stp=dst-jpg_s150x150_tt6&efg=eyJ2ZW5jb2RlX3RhZyI6InByb2ZpbGVfcGljLmRqYW5nby4xMDgwLmMyIn0&_nc_ht=scontent-fra3-2.cdninstagram.com&_nc_cat=104&_nc_oc=Q6cZ2gHI6YgVv7jxpgfVxg_ZbjMsaTYZY7UZRt7Do7Q8hZug2sgh4QgccKNLIRzqL-EQoN4&_nc_ohc=rprEHO1rewMQ7kNvwFM9KIa&_nc_gid=2koIY41-6F9D-P6V5ci6nw&edm=AI-cjbYBAAAA&ccb=7-5&oh=00_Af-2-S7Fgnf6UfvNpU4HRnN_eh1kMVuFrUWcdhZ5uT3Cww&oe=6A3F0DF8&_nc_sid=0985b0,18066405638450417,https://www.instagram.com/rosalinasuryani7,https://www.instagram.com/p/DZZaEwySDEb/c/18066405638450417
68,,stip.424,stip.424,57454639278,"2026-06-19 07:35:02",0,"tutup semua",no,https://scontent-fra3-1.cdninstagram.com/v/t51.82787-19/622440748_17989175102919279_3113741268359710253_n.jpg?stp=dst-jpg_s150x150_tt6&efg=eyJ2ZW5jb2RlX3RhZyI6InByb2ZpbGVfcGljLmRqYW5nby4xMDgwLmMyIn0&_nc_ht=scontent-fra3-1.cdninstagram.com&_nc_cat=103&_nc_oc=Q6cZ2gHI6YgVv7jxpgfVxg_ZbjMsaTYZY7UZRt7Do7Q8hZug2sgh4QgccKNLIRzqL-EQoN4&_nc_ohc=qIp6e8HhBdgQ7kNvwEOD6sD&_nc_gid=2koIY41-6F9D-P6V5ci6nw&edm=AI-cjbYBAAAA&ccb=7-5&oh=00_Af_xwz7c6slEw3IFBuheUh2nVgYAkZ_4MW0-cFky8Es4UA&oe=6A3F0FB6&_nc_sid=0985b0,17999087471954639,https://www.instagram.com/stip.424,https://www.instagram.com/p/DZZaEwySDEb/c/17999087471954639
69,,anak_baik3322,anak_baik3322,77961215364,"2026-06-19 07:42:40",0,"Kenapa ga dari awal ya",no,https://instagram.famd21-1.fna.fbcdn.net/v/t51.2885-19/573323465_1219825463302212_7278921664109726296_n.png?stp=dst-jpg_e0_s150x150_tt6&efg=eyJ2ZW5jb2RlX3RhZyI6InByb2ZpbGVfcGljLmRqYW5nby4xNTAuYzIifQ&_nc_ht=instagram.famd21-1.fna.fbcdn.net&_nc_cat=1&_nc_oc=Q6cZ2gGEe5VCwSDUtvxps5pQir6ZgsGXXISV9ABKdDy_33l72Pi-JPxl6zxMpmik-9ZsUWVHUSMMiDqlzBr_8Yg9Lu2o&_nc_ohc=VJDnbVufDA8Q7kNvwHCs-Ov&_nc_gid=LxAYWuWAi-oDGCsVmZpk9g&edm=APXIsjUBAAAA&ccb=7-5&ig_cache_key=YW5vbnltb3VzX3Byb2ZpbGVfcGlj.3-ccb7-5&oh=00_Af8KYiH46vqenTGx6SprVMdTRWB9qV0mgJawJs_Z-9LcTA&oe=6A3EDEAA&_nc_sid=ed4851,18090991553058573,https://www.instagram.com/anak_baik3322,https://www.instagram.com/p/DZZaEwySDEb/c/18090991553058573
70,,arieyanto97,arieyanto97,8067018693,"2026-06-19 11:43:31",0,Mantep,no,https://scontent-fra5-1.cdninstagram.com/v/t51.2885-19/277316422_2087224114792066_4955250069656151858_n.jpg?stp=dst-jpg_s150x150_tt6&efg=eyJ2ZW5jb2RlX3RhZyI6InByb2ZpbGVfcGljLmRqYW5nby4xMDgwLmMyIn0&_nc_ht=scontent-fra5-1.cdninstagram.com&_nc_cat=110&_nc_oc=Q6cZ2gHI6YgVv7jxpgfVxg_ZbjMsaTYZY7UZRt7Do7Q8hZug2sgh4QgccKNLIRzqL-EQoN4&_nc_ohc=Km6H8arU448Q7kNvwHA874M&_nc_gid=2koIY41-6F9D-P6V5ci6nw&edm=AI-cjbYBAAAA&ccb=7-5&oh=00_Af-HqwJ-dnUDlMFtKANoqOKNZ6BMjXTa25jhx5eXDAe-uw&oe=6A3F1129&_nc_sid=0985b0,18080714096644107,https://www.instagram.com/arieyanto97,https://www.instagram.com/p/DZZaEwySDEb/c/18080714096644107
71,,sidex_amc,sidex_amc,3566975039,"2026-06-19 11:49:00",0,"Kalian tau siapa nanti yang teriak teriak kalo sppg nya di tutup ?? 🤪",no,https://scontent-fra3-2.cdninstagram.com/v/t51.82787-19/688741086_18447827617119040_1707813919711756917_n.jpg?stp=dst-jpg_s150x150_tt6&efg=eyJ2ZW5jb2RlX3RhZyI6InByb2ZpbGVfcGljLmRqYW5nby4xMDgwLmMyIn0&_nc_ht=scontent-fra3-2.cdninstagram.com&_nc_cat=104&_nc_oc=Q6cZ2gHI6YgVv7jxpgfVxg_ZbjMsaTYZY7UZRt7Do7Q8hZug2sgh4QgccKNLIRzqL-EQoN4&_nc_ohc=Pbi2AKpYovQQ7kNvwEvbmd0&_nc_gid=2koIY41-6F9D-P6V5ci6nw&edm=AI-cjbYBAAAA&ccb=7-5&oh=00_Af_EmRN7uUHy2WH2fzzO9zEgYEN3BQPFBIi1XVwmQsZnUQ&oe=6A3EEB6E&_nc_sid=0985b0,17991219488990207,https://www.instagram.com/sidex_amc,https://www.instagram.com/p/DZZaEwySDEb/c/17991219488990207
72,,raymond__voucker,raymond__voucker,7288700705,"2026-06-19 12:24:02",0,"Udah jebol baru ditindak",no,https://scontent-fra5-2.cdninstagram.com/v/t51.82787-19/639600280_18339330304244706_2134074853157600207_n.jpg?stp=dst-jpg_s150x150_tt6&efg=eyJ2ZW5jb2RlX3RhZyI6InByb2ZpbGVfcGljLmRqYW5nby4xMDgwLmMyIn0&_nc_ht=scontent-fra5-2.cdninstagram.com&_nc_cat=106&_nc_oc=Q6cZ2gHI6YgVv7jxpgfVxg_ZbjMsaTYZY7UZRt7Do7Q8hZug2sgh4QgccKNLIRzqL-EQoN4&_nc_ohc=jKg4rE2CCEQQ7kNvwFFhhQs&_nc_gid=2koIY41-6F9D-P6V5ci6nw&edm=AI-cjbYBAAAA&ccb=7-5&oh=00_Af8b0GhSlkkC-uDAPkmc-x5nVFCvy3HSiAq4n_hAQ0wxlA&oe=6A3EF905&_nc_sid=0985b0,18188021674375904,https://www.instagram.com/raymond__voucker,https://www.instagram.com/p/DZZaEwySDEb/c/18188021674375904
73,,uhdyh_pjm13,uhdyh_pjm13,16683658782,"2026-06-19 13:29:00",0,"@yulieamelia setuju kak",no,https://scontent-fra3-1.cdninstagram.com/v/t51.82787-19/708168625_18138384694554783_5544770144196337315_n.jpg?stp=dst-jpg_s150x150_tt6&efg=eyJ2ZW5jb2RlX3RhZyI6InByb2ZpbGVfcGljLmRqYW5nby4xMDgwLmMyIn0&_nc_ht=scontent-fra3-1.cdninstagram.com&_nc_cat=103&_nc_oc=Q6cZ2gHI6YgVv7jxpgfVxg_ZbjMsaTYZY7UZRt7Do7Q8hZug2sgh4QgccKNLIRzqL-EQoN4&_nc_ohc=5oQXHs_iFwgQ7kNvwFy1vt8&_nc_gid=2koIY41-6F9D-P6V5ci6nw&edm=AI-cjbYBAAAA&ccb=7-5&oh=00_Af-ML9GrIXmbjto7eUr_2hVzSwGLDoSTuIiEr3aM5SqUZA&oe=6A3EE6A2&_nc_sid=0985b0,18073921217328242,https://www.instagram.com/uhdyh_pjm13,https://www.instagram.com/p/DZZaEwySDEb/c/18073921217328242
74,,m.i.r_dhani27,m.i.r_dhani27,58632116392,"2026-06-19 13:42:38",0,"@nyawnyaw2025 sarapan mie tiap pagi lebih sehat?",no,https://scontent-fra3-1.cdninstagram.com/v/t51.82787-19/688156554_17995565174956393_4405797532414567766_n.jpg?stp=dst-jpg_s150x150_tt6&efg=eyJ2ZW5jb2RlX3RhZyI6InByb2ZpbGVfcGljLmRqYW5nby4xMDgwLmMyIn0&_nc_ht=scontent-fra3-1.cdninstagram.com&_nc_cat=101&_nc_oc=Q6cZ2gHI6YgVv7jxpgfVxg_ZbjMsaTYZY7UZRt7Do7Q8hZug2sgh4QgccKNLIRzqL-EQoN4&_nc_ohc=YL0kWL0fBtUQ7kNvwHPVWG4&_nc_gid=2koIY41-6F9D-P6V5ci6nw&edm=AI-cjbYBAAAA&ccb=7-5&oh=00_Af_3hVyNZSISRu4-G6y4sFA4xrJbz8HVeGQ8RJwzDd7FNg&oe=6A3EDF93&_nc_sid=0985b0,18122544601672655,https://www.instagram.com/m.i.r_dhani27,https://www.instagram.com/p/DZZaEwySDEb/c/18122544601672655
75,,_illham_m_,_illham_m_,4361219532,"2026-06-19 13:49:36",0,"Betull,,, yg di kota ttup aja ,, yg membutuhkan cuman kami di desa""",no,https://scontent-fra5-2.cdninstagram.com/v/t51.82787-19/642700302_18390741931147533_7488882122510039331_n.jpg?stp=dst-jpg_s150x150_tt6&efg=eyJ2ZW5jb2RlX3RhZyI6InByb2ZpbGVfcGljLmRqYW5nby42MTAuYzIifQ&_nc_ht=scontent-fra5-2.cdninstagram.com&_nc_cat=109&_nc_oc=Q6cZ2gHI6YgVv7jxpgfVxg_ZbjMsaTYZY7UZRt7Do7Q8hZug2sgh4QgccKNLIRzqL-EQoN4&_nc_ohc=hvPlPF4b1eYQ7kNvwGykoTA&_nc_gid=2koIY41-6F9D-P6V5ci6nw&edm=AI-cjbYBAAAA&ccb=7-5&oh=00_Af_1O-fQCaeHdLSJ5pMcOiJBt_P8aplGYsJuc3xkWg6udA&oe=6A3EE9C3&_nc_sid=0985b0,18104380622101154,https://www.instagram.com/_illham_m_,https://www.instagram.com/p/DZZaEwySDEb/c/18104380622101154
76,,ihsnnn_25,ihsnnn_25,37154173220,"2026-06-19 14:21:40",0,"Alangkah Baiknya, Tutup Semua!",no,https://scontent-fra3-1.cdninstagram.com/v/t51.82787-19/610624648_18079518959237221_6272007350851943874_n.jpg?stp=dst-jpg_s150x150_tt6&efg=eyJ2ZW5jb2RlX3RhZyI6InByb2ZpbGVfcGljLmRqYW5nby4xMDgwLmMyIn0&_nc_ht=scontent-fra3-1.cdninstagram.com&_nc_cat=101&_nc_oc=Q6cZ2gHI6YgVv7jxpgfVxg_ZbjMsaTYZY7UZRt7Do7Q8hZug2sgh4QgccKNLIRzqL-EQoN4&_nc_ohc=EhCQdpfiAMMQ7kNvwFAgpUL&_nc_gid=2koIY41-6F9D-P6V5ci6nw&edm=AI-cjbYBAAAA&ccb=7-5&oh=00_Af--SBzRmsTRlqpIbwkFDm-B7gSP_aYnmodq4MVFGwRyRg&oe=6A3EE705&_nc_sid=0985b0,18225876406317174,https://www.instagram.com/ihsnnn_25,https://www.instagram.com/p/DZZaEwySDEb/c/18225876406317174
77,,tinywinybiteher,tinywinybiteher,49881360969,"2026-06-19 15:20:36",0,"lho kenapa? 🤭",no,https://scontent-fra5-1.cdninstagram.com/v/t51.2885-19/275044843_733379854735308_1411888737135753971_n.jpg?stp=dst-jpg_s150x150_tt6&efg=eyJ2ZW5jb2RlX3RhZyI6InByb2ZpbGVfcGljLmRqYW5nby42NzUuYzIifQ&_nc_ht=scontent-fra5-1.cdninstagram.com&_nc_cat=100&_nc_oc=Q6cZ2gHI6YgVv7jxpgfVxg_ZbjMsaTYZY7UZRt7Do7Q8hZug2sgh4QgccKNLIRzqL-EQoN4&_nc_ohc=yFOvGxamc3MQ7kNvwGUnL3W&_nc_gid=2koIY41-6F9D-P6V5ci6nw&edm=AI-cjbYBAAAA&ccb=7-5&oh=00_Af_4lkuPBv1IKEmQMILaBClJ4D0zwJOUO8uA7Pswkk0Jvw&oe=6A3EF8A1&_nc_sid=0985b0,18106528532068518,https://www.instagram.com/tinywinybiteher,https://www.instagram.com/p/DZZaEwySDEb/c/18106528532068518
78,,panipa4n,panipa4n,42569383638,"2026-06-19 16:25:01",0,"@fajri_m11z buzer banyak kali bang",no,https://scontent-fra3-2.cdninstagram.com/v/t51.82787-19/684749873_18083504546423639_3657387656751343064_n.jpg?stp=dst-jpg_s150x150_tt6&efg=eyJ2ZW5jb2RlX3RhZyI6InByb2ZpbGVfcGljLmRqYW5nby4xMDgwLmMyIn0&_nc_ht=scontent-fra3-2.cdninstagram.com&_nc_cat=111&_nc_oc=Q6cZ2gHI6YgVv7jxpgfVxg_ZbjMsaTYZY7UZRt7Do7Q8hZug2sgh4QgccKNLIRzqL-EQoN4&_nc_ohc=pUfdzsKlTpoQ7kNvwF0wDBA&_nc_gid=2koIY41-6F9D-P6V5ci6nw&edm=AI-cjbYBAAAA&ccb=7-5&oh=00_Af8PWcEHo6TikS2rjKaHj1X__wVqxBQj8yeyeIqhPoE0mw&oe=6A3EFFEF&_nc_sid=0985b0,17954297415173560,https://www.instagram.com/panipa4n,https://www.instagram.com/p/DZZaEwySDEb/c/17954297415173560
79,,nurrahmanfirmansah,nurrahmanfirmansah,38768477526,"2026-06-19 16:50:35",0,😱😱😱,no,https://scontent-fra3-1.cdninstagram.com/v/t51.82787-19/701470297_18105503765293527_2750009092630007273_n.jpg?stp=dst-jpg_s150x150_tt6&efg=eyJ2ZW5jb2RlX3RhZyI6InByb2ZpbGVfcGljLmRqYW5nby4xMDgwLmMyIn0&_nc_ht=scontent-fra3-1.cdninstagram.com&_nc_cat=103&_nc_oc=Q6cZ2gHI6YgVv7jxpgfVxg_ZbjMsaTYZY7UZRt7Do7Q8hZug2sgh4QgccKNLIRzqL-EQoN4&_nc_ohc=LamEAGTOIEEQ7kNvwHOE-Dv&_nc_gid=2koIY41-6F9D-P6V5ci6nw&edm=AI-cjbYBAAAA&ccb=7-5&oh=00_Af8tHVS4_MB_r_mcezEBmIkHvisWFI-i3wjcqpfbg_KVxA&oe=6A3EF38A&_nc_sid=0985b0,18397895983089823,https://www.instagram.com/nurrahmanfirmansah,https://www.instagram.com/p/DZZaEwySDEb/c/18397895983089823
80,,chipmunk.130871,chipmunk.130871,28461490137,"2026-06-20 03:56:31",0,"@rianisf wajib",no,https://instagram.famd21-1.fna.fbcdn.net/v/t51.2885-19/573323465_1219825463302212_7278921664109726296_n.png?stp=dst-jpg_e0_s150x150_tt6&efg=eyJ2ZW5jb2RlX3RhZyI6InByb2ZpbGVfcGljLmRqYW5nby4xNTAuYzIifQ&_nc_ht=instagram.famd21-1.fna.fbcdn.net&_nc_cat=1&_nc_oc=Q6cZ2gGEe5VCwSDUtvxps5pQir6ZgsGXXISV9ABKdDy_33l72Pi-JPxl6zxMpmik-9ZsUWVHUSMMiDqlzBr_8Yg9Lu2o&_nc_ohc=VJDnbVufDA8Q7kNvwHCs-Ov&_nc_gid=LxAYWuWAi-oDGCsVmZpk9g&edm=APXIsjUBAAAA&ccb=7-5&ig_cache_key=YW5vbnltb3VzX3Byb2ZpbGVfcGlj.3-ccb7-5&oh=00_Af8KYiH46vqenTGx6SprVMdTRWB9qV0mgJawJs_Z-9LcTA&oe=6A3EDEAA&_nc_sid=ed4851,18155568214485078,https://www.instagram.com/chipmunk.130871,https://www.instagram.com/p/DZZaEwySDEb/c/18155568214485078
81,,chipmunk.130871,chipmunk.130871,28461490137,"2026-06-20 03:57:14",0,"@anggiamujipratama Anggi goblok kontol",no,https://instagram.famd21-1.fna.fbcdn.net/v/t51.2885-19/573323465_1219825463302212_7278921664109726296_n.png?stp=dst-jpg_e0_s150x150_tt6&efg=eyJ2ZW5jb2RlX3RhZyI6InByb2ZpbGVfcGljLmRqYW5nby4xNTAuYzIifQ&_nc_ht=instagram.famd21-1.fna.fbcdn.net&_nc_cat=1&_nc_oc=Q6cZ2gGEe5VCwSDUtvxps5pQir6ZgsGXXISV9ABKdDy_33l72Pi-JPxl6zxMpmik-9ZsUWVHUSMMiDqlzBr_8Yg9Lu2o&_nc_ohc=VJDnbVufDA8Q7kNvwHCs-Ov&_nc_gid=LxAYWuWAi-oDGCsVmZpk9g&edm=APXIsjUBAAAA&ccb=7-5&ig_cache_key=YW5vbnltb3VzX3Byb2ZpbGVfcGlj.3-ccb7-5&oh=00_Af8KYiH46vqenTGx6SprVMdTRWB9qV0mgJawJs_Z-9LcTA&oe=6A3EDEAA&_nc_sid=ed4851,18093883307139843,https://www.instagram.com/chipmunk.130871,https://www.instagram.com/p/DZZaEwySDEb/c/18093883307139843
82,,chipmunk.130871,chipmunk.130871,28461490137,"2026-06-20 03:57:44",0,"@_.ridwanmaul wajib tutup kontol",no,https://instagram.famd21-1.fna.fbcdn.net/v/t51.2885-19/573323465_1219825463302212_7278921664109726296_n.png?stp=dst-jpg_e0_s150x150_tt6&efg=eyJ2ZW5jb2RlX3RhZyI6InByb2ZpbGVfcGljLmRqYW5nby4xNTAuYzIifQ&_nc_ht=instagram.famd21-1.fna.fbcdn.net&_nc_cat=1&_nc_oc=Q6cZ2gGEe5VCwSDUtvxps5pQir6ZgsGXXISV9ABKdDy_33l72Pi-JPxl6zxMpmik-9ZsUWVHUSMMiDqlzBr_8Yg9Lu2o&_nc_ohc=VJDnbVufDA8Q7kNvwHCs-Ov&_nc_gid=LxAYWuWAi-oDGCsVmZpk9g&edm=APXIsjUBAAAA&ccb=7-5&ig_cache_key=YW5vbnltb3VzX3Byb2ZpbGVfcGlj.3-ccb7-5&oh=00_Af8KYiH46vqenTGx6SprVMdTRWB9qV0mgJawJs_Z-9LcTA&oe=6A3EDEAA&_nc_sid=ed4851,17973518481059528,https://www.instagram.com/chipmunk.130871,https://www.instagram.com/p/DZZaEwySDEb/c/17973518481059528
83,,chipmunk.130871,chipmunk.130871,28461490137,"2026-06-20 03:58:14",0,"Tutup semua, ganti pendidikan saja",no,https://instagram.famd21-1.fna.fbcdn.net/v/t51.2885-19/573323465_1219825463302212_7278921664109726296_n.png?stp=dst-jpg_e0_s150x150_tt6&efg=eyJ2ZW5jb2RlX3RhZyI6InByb2ZpbGVfcGljLmRqYW5nby4xNTAuYzIifQ&_nc_ht=instagram.famd21-1.fna.fbcdn.net&_nc_cat=1&_nc_oc=Q6cZ2gGEe5VCwSDUtvxps5pQir6ZgsGXXISV9ABKdDy_33l72Pi-JPxl6zxMpmik-9ZsUWVHUSMMiDqlzBr_8Yg9Lu2o&_nc_ohc=VJDnbVufDA8Q7kNvwHCs-Ov&_nc_gid=LxAYWuWAi-oDGCsVmZpk9g&edm=APXIsjUBAAAA&ccb=7-5&ig_cache_key=YW5vbnltb3VzX3Byb2ZpbGVfcGlj.3-ccb7-5&oh=00_Af8KYiH46vqenTGx6SprVMdTRWB9qV0mgJawJs_Z-9LcTA&oe=6A3EDEAA&_nc_sid=ed4851,18084955277137160,https://www.instagram.com/chipmunk.130871,https://www.instagram.com/p/DZZaEwySDEb/c/18084955277137160
84,,novitahabes__,novitahabes__,14505944359,"2026-06-20 05:33:49",0,SEMUAAAAA,no,https://scontent-fra3-2.cdninstagram.com/v/t51.82787-19/659954067_18147184114480360_4054492843845667102_n.jpg?stp=dst-jpg_s150x150_tt6&efg=eyJ2ZW5jb2RlX3RhZyI6InByb2ZpbGVfcGljLmRqYW5nby4xMDgwLmMyIn0&_nc_ht=scontent-fra3-2.cdninstagram.com&_nc_cat=104&_nc_oc=Q6cZ2gHI6YgVv7jxpgfVxg_ZbjMsaTYZY7UZRt7Do7Q8hZug2sgh4QgccKNLIRzqL-EQoN4&_nc_ohc=9NkjfMGv1LMQ7kNvwHkzQpH&_nc_gid=2koIY41-6F9D-P6V5ci6nw&edm=AI-cjbYBAAAA&ccb=7-5&oh=00_Af9lAtfX6PPDAn0OKXQFU3eqUPLY1xdDZaujU3-YrB286w&oe=6A3EF975&_nc_sid=0985b0,17960974122138696,https://www.instagram.com/novitahabes__,https://www.instagram.com/p/DZZaEwySDEb/c/17960974122138696
85,,hemaliachy_,hemaliachy_,50365861894,"2026-06-20 05:54:44",0,"@rianisf ga mikirin anak' yg ada di pelosok sana ya? kalo di tutup semua coba lihat anak' yang membutuhkan makan",no,https://scontent-fra3-2.cdninstagram.com/v/t51.82787-19/685152103_18066861902677895_2446968576839839283_n.jpg?stp=dst-jpg_s150x150_tt6&efg=eyJ2ZW5jb2RlX3RhZyI6InByb2ZpbGVfcGljLmRqYW5nby4xMDE4LmMyIn0&_nc_ht=scontent-fra3-2.cdninstagram.com&_nc_cat=111&_nc_oc=Q6cZ2gHI6YgVv7jxpgfVxg_ZbjMsaTYZY7UZRt7Do7Q8hZug2sgh4QgccKNLIRzqL-EQoN4&_nc_ohc=lbtHUYV4j6oQ7kNvwGAwJSr&_nc_gid=2koIY41-6F9D-P6V5ci6nw&edm=AI-cjbYBAAAA&ccb=7-5&oh=00_Af8ULyihyDmPbQ4pCBdR2PVKo-cMCiAvdrnLhvYT18Lq7g&oe=6A3EEC3A&_nc_sid=0985b0,18376479865200412,https://www.instagram.com/hemaliachy_,https://www.instagram.com/p/DZZaEwySDEb/c/18376479865200412
86,,rikimunggaran123,rikimunggaran123,7943845103,"2026-06-20 14:17:07",0,Baguss,no,https://scontent-fra3-1.cdninstagram.com/v/t51.82787-19/532357386_18290465236269104_7765705774129545164_n.jpg?stp=dst-jpg_s150x150_tt6&efg=eyJ2ZW5jb2RlX3RhZyI6InByb2ZpbGVfcGljLmRqYW5nby4xMDgwLmMyIn0&_nc_ht=scontent-fra3-1.cdninstagram.com&_nc_cat=108&_nc_oc=Q6cZ2gHI6YgVv7jxpgfVxg_ZbjMsaTYZY7UZRt7Do7Q8hZug2sgh4QgccKNLIRzqL-EQoN4&_nc_ohc=amRXJy6rM8wQ7kNvwEpxymC&_nc_gid=2koIY41-6F9D-P6V5ci6nw&edm=AI-cjbYBAAAA&ccb=7-5&oh=00_Af-AucwlkTt4L-swZ6tggWKASE_X67uw6V8wuVZRxFJ5Qw&oe=6A3F11F5&_nc_sid=0985b0,18085871366562403,https://www.instagram.com/rikimunggaran123,https://www.instagram.com/p/DZZaEwySDEb/c/18085871366562403
87,,azis_syai,azis_syai,4083898044,"2026-06-20 16:45:04",0,"🤣🤣🤣 negara apa ini proyeknya ganti ke koperasi 🤣🤣🤣",no,https://scontent-fra3-1.cdninstagram.com/v/t51.82787-19/670912886_18433269517138045_8402296707051140462_n.jpg?stp=dst-jpg_s150x150_tt6&efg=eyJ2ZW5jb2RlX3RhZyI6InByb2ZpbGVfcGljLmRqYW5nby4xMDgwLmMyIn0&_nc_ht=scontent-fra3-1.cdninstagram.com&_nc_cat=101&_nc_oc=Q6cZ2gHI6YgVv7jxpgfVxg_ZbjMsaTYZY7UZRt7Do7Q8hZug2sgh4QgccKNLIRzqL-EQoN4&_nc_ohc=E8VLxybznysQ7kNvwFaAjJ_&_nc_gid=2koIY41-6F9D-P6V5ci6nw&edm=AI-cjbYBAAAA&ccb=7-5&oh=00_Af8dJg7NaPRL1WrKk3tMY0jnYvAgx-jwR6K9L_l9F1qmWw&oe=6A3F0F88&_nc_sid=0985b0,18417001717180172,https://www.instagram.com/azis_syai,https://www.instagram.com/p/DZZaEwySDEb/c/18417001717180172
88,,regyfaisyal,regyfaisyal,2125035714,"2026-06-20 16:57:20",0,"Stop MBG, tutup aja semua kecuali daerah daerah terpencil yg membutuhkan",no,https://scontent-fra3-1.cdninstagram.com/v/t51.82787-19/670785128_18553672627067715_3341488805200864706_n.jpg?stp=dst-jpg_s150x150_tt6&efg=eyJ2ZW5jb2RlX3RhZyI6InByb2ZpbGVfcGljLmRqYW5nby4xMDc5LmMyIn0&_nc_ht=scontent-fra3-1.cdninstagram.com&_nc_cat=103&_nc_oc=Q6cZ2gHI6YgVv7jxpgfVxg_ZbjMsaTYZY7UZRt7Do7Q8hZug2sgh4QgccKNLIRzqL-EQoN4&_nc_ohc=0H5Ae_S660IQ7kNvwG-5omk&_nc_gid=2koIY41-6F9D-P6V5ci6nw&edm=AI-cjbYBAAAA&ccb=7-5&oh=00_Af-iOnyzcgvWpvrG0FGLqApBXAZcymisqOB97tWcqKEa3g&oe=6A3EE832&_nc_sid=0985b0,18059835146739719,https://www.instagram.com/regyfaisyal,https://www.instagram.com/p/DZZaEwySDEb/c/18059835146739719
89,,mahdihadiyat,mahdihadiyat,2181746336,"2026-06-20 17:16:19",0,"Tutup semua bu ga efektif ga efisien, setuju daerah 3T dulu",no,https://scontent-fra5-1.cdninstagram.com/v/t51.2885-19/23735160_2039047846324716_205922073862733824_n.jpg?stp=dst-jpg_s150x150_tt6&efg=eyJ2ZW5jb2RlX3RhZyI6InByb2ZpbGVfcGljLmRqYW5nby4xMDgwLmMyIn0&_nc_ht=scontent-fra5-1.cdninstagram.com&_nc_cat=100&_nc_oc=Q6cZ2gHI6YgVv7jxpgfVxg_ZbjMsaTYZY7UZRt7Do7Q8hZug2sgh4QgccKNLIRzqL-EQoN4&_nc_ohc=dX9jvXadx6MQ7kNvwHzS1P3&_nc_gid=2koIY41-6F9D-P6V5ci6nw&edm=AI-cjbYBAAAA&ccb=7-5&oh=00_Af85usR5l2vTFQt7rkZYvQrqlvoenF7RqiUTRoxtol9xlg&oe=6A3EEEAE&_nc_sid=0985b0,18100330811132278,https://www.instagram.com/mahdihadiyat,https://www.instagram.com/p/DZZaEwySDEb/c/18100330811132278
90,,habibiearrafaqie,habibiearrafaqie,5427766260,"2026-06-21 02:59:32",0,"Tutup SPPG di kota-kota besar, fokuskan hanya di daerah 3T.",no,https://scontent-fra5-2.cdninstagram.com/v/t51.82787-19/699731123_18411988087182261_1119628320605083675_n.jpg?stp=dst-jpg_s150x150_tt6&efg=eyJ2ZW5jb2RlX3RhZyI6InByb2ZpbGVfcGljLmRqYW5nby4xMDgwLmMyIn0&_nc_ht=scontent-fra5-2.cdninstagram.com&_nc_cat=109&_nc_oc=Q6cZ2gHI6YgVv7jxpgfVxg_ZbjMsaTYZY7UZRt7Do7Q8hZug2sgh4QgccKNLIRzqL-EQoN4&_nc_ohc=m5ZX15vSeLgQ7kNvwF_waOY&_nc_gid=2koIY41-6F9D-P6V5ci6nw&edm=AI-cjbYBAAAA&ccb=7-5&oh=00_Af9oNtBWI661e_hmfWj0T6soMT5f9gbp52Ejg1VTJE_xAg&oe=6A3F06DF&_nc_sid=0985b0,18107272513782974,https://www.instagram.com/habibiearrafaqie,https://www.instagram.com/p/DZZaEwySDEb/c/18107272513782974
91,,3.5_here,3.5_here,63056433708,"2026-06-21 04:09:27",0,"TUTUP SEMUA 🔥",no,https://instagram.famd21-1.fna.fbcdn.net/v/t51.2885-19/573323465_1219825463302212_7278921664109726296_n.png?stp=dst-jpg_e0_s150x150_tt6&efg=eyJ2ZW5jb2RlX3RhZyI6InByb2ZpbGVfcGljLmRqYW5nby4xNTAuYzIifQ&_nc_ht=instagram.famd21-1.fna.fbcdn.net&_nc_cat=1&_nc_oc=Q6cZ2gGEe5VCwSDUtvxps5pQir6ZgsGXXISV9ABKdDy_33l72Pi-JPxl6zxMpmik-9ZsUWVHUSMMiDqlzBr_8Yg9Lu2o&_nc_ohc=VJDnbVufDA8Q7kNvwHCs-Ov&_nc_gid=LxAYWuWAi-oDGCsVmZpk9g&edm=APXIsjUBAAAA&ccb=7-5&ig_cache_key=YW5vbnltb3VzX3Byb2ZpbGVfcGlj.3-ccb7-5&oh=00_Af8KYiH46vqenTGx6SprVMdTRWB9qV0mgJawJs_Z-9LcTA&oe=6A3EDEAA&_nc_sid=ed4851,17864097906634788,https://www.instagram.com/3.5_here,https://www.instagram.com/p/DZZaEwySDEb/c/17864097906634788
92,,armadillo.iooi,armadillo.iooi,36581078481,"2026-06-21 06:48:54",0,"Tutup semua!!!",no,https://instagram.famd21-1.fna.fbcdn.net/v/t51.2885-19/573323465_1219825463302212_7278921664109726296_n.png?stp=dst-jpg_e0_s150x150_tt6&efg=eyJ2ZW5jb2RlX3RhZyI6InByb2ZpbGVfcGljLmRqYW5nby4xNTAuYzIifQ&_nc_ht=instagram.famd21-1.fna.fbcdn.net&_nc_cat=1&_nc_oc=Q6cZ2gGEe5VCwSDUtvxps5pQir6ZgsGXXISV9ABKdDy_33l72Pi-JPxl6zxMpmik-9ZsUWVHUSMMiDqlzBr_8Yg9Lu2o&_nc_ohc=VJDnbVufDA8Q7kNvwHCs-Ov&_nc_gid=LxAYWuWAi-oDGCsVmZpk9g&edm=APXIsjUBAAAA&ccb=7-5&ig_cache_key=YW5vbnltb3VzX3Byb2ZpbGVfcGlj.3-ccb7-5&oh=00_Af8KYiH46vqenTGx6SprVMdTRWB9qV0mgJawJs_Z-9LcTA&oe=6A3EDEAA&_nc_sid=ed4851,18088010642096971,https://www.instagram.com/armadillo.iooi,https://www.instagram.com/p/DZZaEwySDEb/c/18088010642096971
93,,nurrilmhy_,nurrilmhy_,50193073651,"2026-06-21 12:36:30",0,"yg sebenarnya itu mbg dijalankan setelah hutang negara lunas dan korupsi ditiadakan, karna kenapa?  Mbg  dijalankan melalui uang siapa? uang rakyat? atau uang presiden? atau uang tambah hutang negara?  hutang negara di tanggung siapa? rakyat lah siapa lagi mkanya bahan2 semua naik apalagi bensin dan pajak, emang membuka ratusan lowongan kerja tapi gaji karyawan mbg dari mana uangny? uang presiden sendiri? uang tambah hutang negara? uang rakyat?, sudah terbukti Mbg sudh dipakai korupsi masi dijalankan, tuh lihat sana motor2 listrik yg masi naggung belum di bayar, yg mabayar itu siapa? uang presiden sendiri? uang karyawan mbg? uang tambah hutang negara? atau rakyat?",no,https://instagram.famd21-1.fna.fbcdn.net/v/t51.2885-19/573323465_1219825463302212_7278921664109726296_n.png?stp=dst-jpg_e0_s150x150_tt6&efg=eyJ2ZW5jb2RlX3RhZyI6InByb2ZpbGVfcGljLmRqYW5nby4xNTAuYzIifQ&_nc_ht=instagram.famd21-1.fna.fbcdn.net&_nc_cat=1&_nc_oc=Q6cZ2gGEe5VCwSDUtvxps5pQir6ZgsGXXISV9ABKdDy_33l72Pi-JPxl6zxMpmik-9ZsUWVHUSMMiDqlzBr_8Yg9Lu2o&_nc_ohc=VJDnbVufDA8Q7kNvwHCs-Ov&_nc_gid=LxAYWuWAi-oDGCsVmZpk9g&edm=APXIsjUBAAAA&ccb=7-5&ig_cache_key=YW5vbnltb3VzX3Byb2ZpbGVfcGlj.3-ccb7-5&oh=00_Af8KYiH46vqenTGx6SprVMdTRWB9qV0mgJawJs_Z-9LcTA&oe=6A3EDEAA&_nc_sid=ed4851,18169335958390356,https://www.instagram.com/nurrilmhy_,https://www.instagram.com/p/DZZaEwySDEb/c/18169335958390356
94,,depaiijo,depaiijo,4566175372,"2026-06-21 13:28:37",0,"Bagus donk. Tutup tu yg gak layak. Cuma asal²an",no,https://scontent-fra3-1.cdninstagram.com/v/t51.82787-19/549607810_18361588441159373_1425186212239721534_n.jpg?stp=dst-jpg_s150x150_tt6&efg=eyJ2ZW5jb2RlX3RhZyI6InByb2ZpbGVfcGljLmRqYW5nby4xMDgwLmMyIn0&_nc_ht=scontent-fra3-1.cdninstagram.com&_nc_cat=105&_nc_oc=Q6cZ2gHI6YgVv7jxpgfVxg_ZbjMsaTYZY7UZRt7Do7Q8hZug2sgh4QgccKNLIRzqL-EQoN4&_nc_ohc=eYfDQPCOBeMQ7kNvwEuPyRr&_nc_gid=2koIY41-6F9D-P6V5ci6nw&edm=AI-cjbYBAAAA&ccb=7-5&oh=00_Af-Oo3PD__NDkwhszHswu0Etf05y2yHwU02Z5ylu1c3csQ&oe=6A3EFB11&_nc_sid=0985b0,18093780701462414,https://www.instagram.com/depaiijo,https://www.instagram.com/p/DZZaEwySDEb/c/18093780701462414
95,,akmalfauzan1700,akmalfauzan1700,3245841684,"2026-06-21 14:37:58",0,"Pengiritan terus sampai tutup semua",no,https://scontent-fra3-1.cdninstagram.com/v/t51.82787-19/724770289_18466067062105685_4575069872645871688_n.jpg?stp=dst-jpg_s150x150_tt6&efg=eyJ2ZW5jb2RlX3RhZyI6InByb2ZpbGVfcGljLmRqYW5nby4xMDgwLmMyIn0&_nc_ht=scontent-fra3-1.cdninstagram.com&_nc_cat=105&_nc_oc=Q6cZ2gHI6YgVv7jxpgfVxg_ZbjMsaTYZY7UZRt7Do7Q8hZug2sgh4QgccKNLIRzqL-EQoN4&_nc_ohc=WXJ5pW1x0iUQ7kNvwEjuV7J&_nc_gid=2koIY41-6F9D-P6V5ci6nw&edm=AI-cjbYBAAAA&ccb=7-5&oh=00_Af91FIMENWsHsVHjKLszwSa2MFCr3z_lksVBmSlXgiaBwg&oe=6A3F0B05&_nc_sid=0985b0,18317970667275149,https://www.instagram.com/akmalfauzan1700,https://www.instagram.com/p/DZZaEwySDEb/c/18317970667275149
96,,adinata.wav,adinata.wav,56804607089,"2026-06-21 14:39:42",0,"Bagusnya ditutup semua, yang Dibuka cuma yang daerah pelosok aja",no,https://scontent-fra5-2.cdninstagram.com/v/t51.82787-19/713344330_18014321924895090_2014247955767480027_n.jpg?stp=dst-jpg_s150x150_tt6&efg=eyJ2ZW5jb2RlX3RhZyI6InByb2ZpbGVfcGljLmRqYW5nby4xMDgwLmMyIn0&_nc_ht=scontent-fra5-2.cdninstagram.com&_nc_cat=106&_nc_oc=Q6cZ2gHI6YgVv7jxpgfVxg_ZbjMsaTYZY7UZRt7Do7Q8hZug2sgh4QgccKNLIRzqL-EQoN4&_nc_ohc=ro3iRtEvFFUQ7kNvwFtBM86&_nc_gid=2koIY41-6F9D-P6V5ci6nw&edm=AI-cjbYBAAAA&ccb=7-5&oh=00_Af9cIBhX_lRpjpWCiNOs1wUDooGZf-Y5ni4QSIzTmG5QHw&oe=6A3EE579&_nc_sid=0985b0,18101840069144839,https://www.instagram.com/adinata.wav,https://www.instagram.com/p/DZZaEwySDEb/c/18101840069144839
97,,genndutz_,genndutz_,67136594605,"2026-06-21 23:49:14",0,"Udah paling bener bubarin",no,https://instagram.famd21-1.fna.fbcdn.net/v/t51.2885-19/573323465_1219825463302212_7278921664109726296_n.png?stp=dst-jpg_e0_s150x150_tt6&efg=eyJ2ZW5jb2RlX3RhZyI6InByb2ZpbGVfcGljLmRqYW5nby4xNTAuYzIifQ&_nc_ht=instagram.famd21-1.fna.fbcdn.net&_nc_cat=1&_nc_oc=Q6cZ2gGEe5VCwSDUtvxps5pQir6ZgsGXXISV9ABKdDy_33l72Pi-JPxl6zxMpmik-9ZsUWVHUSMMiDqlzBr_8Yg9Lu2o&_nc_ohc=VJDnbVufDA8Q7kNvwHCs-Ov&_nc_gid=LxAYWuWAi-oDGCsVmZpk9g&edm=APXIsjUBAAAA&ccb=7-5&ig_cache_key=YW5vbnltb3VzX3Byb2ZpbGVfcGlj.3-ccb7-5&oh=00_Af8KYiH46vqenTGx6SprVMdTRWB9qV0mgJawJs_Z-9LcTA&oe=6A3EDEAA&_nc_sid=ed4851,17893602207505699,https://www.instagram.com/genndutz_,https://www.instagram.com/p/DZZaEwySDEb/c/17893602207505699
98,,shialogistik,shialogistik,6716434007,"2026-06-22 07:36:11",0,🔥🔥🔥🔥🔥🔥,no,https://scontent-fra3-1.cdninstagram.com/v/t51.82787-19/728042134_18342601087218008_5777749141172627412_n.jpg?stp=dst-jpg_s150x150_tt6&efg=eyJ2ZW5jb2RlX3RhZyI6InByb2ZpbGVfcGljLmRqYW5nby4xMDgwLmMyIn0&_nc_ht=scontent-fra3-1.cdninstagram.com&_nc_cat=108&_nc_oc=Q6cZ2gHI6YgVv7jxpgfVxg_ZbjMsaTYZY7UZRt7Do7Q8hZug2sgh4QgccKNLIRzqL-EQoN4&_nc_ohc=Hwx4zmZEGacQ7kNvwEWXwHp&_nc_gid=2koIY41-6F9D-P6V5ci6nw&edm=AI-cjbYBAAAA&ccb=7-5&oh=00_Af9BDHk5oc1OWrEmvMvyjjrJtWkoFwzfFyjvYVGbJO7LXA&oe=6A3EF808&_nc_sid=0985b0,18157055581474479,https://www.instagram.com/shialogistik,https://www.instagram.com/p/DZZaEwySDEb/c/18157055581474479
99,,danang.tsaqif,danang.tsaqif,7358423962,"2026-06-22 08:13:18",0,"@m.i.r_dhani27 emang lu tiap pagi cuma di masakin mie ? Kasian ortunya mager ya 😂",no,https://scontent-fra3-2.cdninstagram.com/v/t51.82787-19/686541686_18336049207247963_1932930599639540403_n.jpg?stp=dst-jpg_s150x150_tt6&efg=eyJ2ZW5jb2RlX3RhZyI6InByb2ZpbGVfcGljLmRqYW5nby4xMDgwLmMyIn0&_nc_ht=scontent-fra3-2.cdninstagram.com&_nc_cat=111&_nc_oc=Q6cZ2gHI6YgVv7jxpgfVxg_ZbjMsaTYZY7UZRt7Do7Q8hZug2sgh4QgccKNLIRzqL-EQoN4&_nc_ohc=5D2ruV2rOQoQ7kNvwELdooj&_nc_gid=2koIY41-6F9D-P6V5ci6nw&edm=AI-cjbYBAAAA&ccb=7-5&oh=00_Af9lf2oQeoWZSq_eP6dvW6WjiPpuDA7xWhsC_813-Ps2qg&oe=6A3F125E&_nc_sid=0985b0,18107429984059357,https://www.instagram.com/danang.tsaqif,https://www.instagram.com/p/DZZaEwySDEb/c/18107429984059357
100,,xyayaa_official,xyayaa_official,58655827707,"2026-06-22 08:19:27",0,"@rianisf duhh bangg 😂",no,https://scontent-fra3-2.cdninstagram.com/v/t51.2885-19/483025964_1030242019152160_5288984286597302994_n.jpg?stp=dst-jpg_s150x150_tt6&efg=eyJ2ZW5jb2RlX3RhZyI6InByb2ZpbGVfcGljLmRqYW5nby4xMDgwLmMyIn0&_nc_ht=scontent-fra3-2.cdninstagram.com&_nc_cat=104&_nc_oc=Q6cZ2gHI6YgVv7jxpgfVxg_ZbjMsaTYZY7UZRt7Do7Q8hZug2sgh4QgccKNLIRzqL-EQoN4&_nc_ohc=sOj7KCGKpSAQ7kNvwEVtuz5&_nc_gid=2koIY41-6F9D-P6V5ci6nw&edm=AI-cjbYBAAAA&ccb=7-5&oh=00_Af8e4PhBXXt_S0RGH1VjGVWDSS2jsWocW3eIyIXJbo7GMQ&oe=6A3EE601&_nc_sid=0985b0,17871999816653436,https://www.instagram.com/xyayaa_official,https://www.instagram.com/p/DZZaEwySDEb/c/17871999816653436
